DeveloperName,FolderName
CommunityChgEmailVerOldTemplate,unfiled$public
CommunityChgEmailVerNewTemplate,unfiled$public
covid_1a_missed_schools_1588259799360,unfiled$public
covid_1b_prev_3_years_contacts_1588695255998,unfiled$public
covid_2a_missed_schools_from_spring_2020_1589291356645,unfiled$public
covid_2c_schools_that_had_us_1589294998007,unfiled$public
June_2020_Sales_Push_JP_1591203917773,unfiled$public
June_2020_Sales_Push_Follow_Up_JP_1591232337965,unfiled$public
June_2020_Sales_Push_Follow_Up_2_JP_1591632509687,unfiled$public
Calendar_invite_email_with_parents_1544906563809,unfiled$public
CommunityAsyncVerificationEmailTemplate,unfiled$public
CommunityDeviceActEmailTemplate,unfiled$public
ExperienceCloudSelfRegMicroBatchSubErrorEmailTemplate,unfiled$public
BirthdayCronJob,unfiled$public
Billet_Tax_Receipt_Verification_Approval,unfiled$public
CommunityHeadlessForgotPasswordTemplate,unfiled$public
LeadsNewassignmentnotificationSAMPLE,unfiled$public
LeadsWebtoLeademailresponseSAMPLE,unfiled$public
SUPPORTNewassignmentnotificationSAMPLE,unfiled$public
SUPPORTWebtoCaseemailresponseSAMPLE,unfiled$public
SUPPORTCaseResponsewithSolutionSAMPLE,unfiled$public
SUPPORTCaseescalationnotificationSAMPLE,unfiled$public
MotivationalExperienceBulkEmail,unfiled$public
MotivationalPresentationTextintro,unfiled$public
SUPPORTSelfServiceNewUserLoginInformationSAMPLE,unfiled$public
SUPPORTSelfServiceResetPasswordSAMPLE,unfiled$public
SUPPORTSelfServiceNewCommentNotificationSAMPLE,unfiled$public
HHNewsletter,unfiled$public
MailingListResponse,unfiled$public
ErieCountySchoolDistricts,unfiled$public
BCStudentActivityAdvisors,unfiled$public
ProductsUpdated,unfiled$public
OpportuntitywithInvoiceLost,unfiled$public
ThinkDayComingtoyourareaEmailtocontacts,unfiled$public
Monthly_Partner_email_to_general_donor_list,unfiled$public
MP_email_to_Ryan_s_campaign,unfiled$public
Referal_alert,unfiled$public
haiti_Delivery,unfiled$public
haiti_Delivery_mps,unfiled$public
Live_Different_Template,unfiled$public
lda_june2012_past,unfiled$public
lda_june2012_current,unfiled$public
GD_2012_General_ask,unfiled$public
Billet_Thank_You,unfiled$public
programs_promo2014,unfiled$public
Live_Different_Tour_Internship_Info,unfiled$public
May2014_hh_alumni_signup,unfiled$public
band_search_jul_2014,unfiled$public
Live_Different_Engagement_Card_Response,unfiled$public
CommunityLockoutEmailTemplate,unfiled$public
July_2018_road_team_recruitment_sent_from_JP_to_past_build_alumn_1531856292903,unfiled$public
PartnerNewUserEmail,unfiled$public
PartnerChangePwdEmail,unfiled$public
Tour_Intern_Recruitment,unfiled$public
Live_Stream_Haiti_Jan_2017,unfiled$public
Charles_BP_English_Email_Feb_2018,unfiled$public
Charles_BP_French_Email_Feb_2018,unfiled$public
CommunityVerificationEmailTemplate,unfiled$public
May_2024_Old_RTV_applications_1715202408471,unfiled$public
CPasswordlessRegistrationEmailTemplate,unfiled$public
CommunityHeadlessRegistrationTemplate,unfiled$public
BFK_promo_1_1719435398738,unfiled$public
BFK_promo_2_1719435858873,unfiled$public
BFK_promo_3_1719436009019,unfiled$public
New_merch_2019_Xmas,Merch_2019_Announcement
Hamilton_Gala_Invite_General_2019,With_Love_Gala
NPSP_Opportunity_Acknowledgment,NPSP_Email_Templates
jrsl_ul_Unsubscribe_Contact_HTML_Template,jrsl_ul_Unsubscribe_Link
jrsl_ul_Unsubscribe_Contact_VF_Template,jrsl_ul_Unsubscribe_Link
jrsl_ul_Unsubscribe_Lead_HTML_Template,jrsl_ul_Unsubscribe_Link
jrsl_ul_Unsubscribe_Lead_VF_Template,jrsl_ul_Unsubscribe_Link
ESignMutliContact,Simple_Signature
EmailSignature,Simple_Signature
SignatureReturn,Simple_Signature
Signed_Form,Simple_Signature
SignatureRequest,Simple_Signature
Holiday_Fundraising,LD_Builds_2019
KLGOY_Youth_html,LD_Builds_2019
LD_app_groups_1633546187618,EducatorConsultants
Circles_Referral_Assembly_Contacts_1635182609097,Fall2021CirclesCommunications
Circles_Referral_Org_Contacts_1635183212574,Fall2021CirclesCommunications
Circles_Program_Referral_School_Contacts_1635183781422,Fall2021CirclesCommunications
Reconnecting_Older_contacts_Absolute_1637691890988,Fall2021CirclesCommunications
Reconnecting_Older_contacts_LD_1637694801948,Fall2021CirclesCommunications
Reconnecting_Newer_contacts_LD_1637695001688,Fall2021CirclesCommunications
MA_general_referral_template_Circles_21_22_V2_1637866890565,Fall2021CirclesCommunications
MA_general_referral_template_Nov_2021_v2_1638388068789,Fall2021CirclesCommunications
Circles_Assemblies_HTML_Promo_1638979849697,Fall2021CirclesCommunications
Circles_Assembly_Promo_Follow_up_from_Devina_1643130816555,Fall2021CirclesCommunications
SUMMER_Circles_NEW_schools_Finding_Best_Contact_with_Promo_1596634897502,June2020SalesPush
FALL_Circles_Summer_f_u_with_Promo_1598447471213,June2020SalesPush
FALL_Circles_Summer_f_u_short_1598450122410,June2020SalesPush
FALL_Circles_First_Connection_with_Promo_Trailer_1600782242049,June2020SalesPush
FALL_Circles_Summer_f_u_with_Promo_Trailer_LIST_EMAIL_1601054067415,June2020SalesPush
FALL_Circles_2nd_f_u_Promo_with_Trailer_LIST_EMAIL_1602689243634,June2020SalesPush
June_2020_Sales_Push_Email_Template_JP_1591203193823,June2020SalesPush
Circles_Promo_Email_General_1591882089163,June2020SalesPush
Circles_Promo_Email_Less_Formal_General_1591886850210,June2020SalesPush
Circles_Follow_Up_Initial_Blast_1591887994294,June2020SalesPush
Circles_Finding_Best_Contact_1591888806883,June2020SalesPush
MA_first_follow_up_from_Blast_1592235047911,June2020SalesPush
NS_follow_up_and_funding_1592328904281,June2020SalesPush
MA_Circles_Promo_NS_funding_1592400759020,June2020SalesPush
Circles_Finding_Best_Contact_with_Promo_1592400787315,June2020SalesPush
Master_Circles_Promo_Email_V2_1592599002349,June2020SalesPush
Circles_Comm_Orgs_Finding_Best_Contact_with_Promo_1594651054019,June2020SalesPush
Circles_Comm_Orgs_Spoke_with_Contact_with_Promo_1594664176473,June2020SalesPush
Circles_Finding_Best_Contact_with_Promo_SUMMER_1594824343830,June2020SalesPush
Circles_Homeschool_Organizations_summer_promo_Circles_21_22_1628705068224,June2020SalesPush
Circles_Schools_Initial_Fall_Promo_Circles_21_22_1628879871092,June2020SalesPush
Circles_Schools_Initial_Fall_Promo_Circles_21_22_V2_1629216342234,June2020SalesPush
Circles_Schools_Blank_Promo_with_HTML_f_u_Circles_21_22_1629384703034,June2020SalesPush
Circles_Schools_Initial_Fall_Promo_f_u_Circles_21_22_1630421937936,June2020SalesPush
Circles_Schools_NEW_Fall_Promo_digital_programming_Circles_21_22_1631212306483,June2020SalesPush
Circles_Schools_NEW_Fall_Promo_F_U_digital_programming_1632242195718,June2020SalesPush
Circles_Schools_NEW_Fall_Promo_testimony_video_Circles_21_22_1632747966428,June2020SalesPush
Dave_Transition_to_MA_no_prev_contact_1634770448251,June2020SalesPush
MA_follow_up_Dave_s_transition_1634844159036,June2020SalesPush
Circles_Online_Assemblies_SPRING_promo_Circles_20_21_1615321305355,June2020SalesPush
Circles_Online_Assemblies_SPRING_promo_F_U_Circles_20_21_1615997097197,June2020SalesPush
Circles_Online_Assemblies_SPRING_promo_2nd_F_U_Circles_20_21_1617118800373,June2020SalesPush
Circles_PD_Session_SPRING_promo_Circles_20_21_1617728040813,June2020SalesPush
Circles_Online_Assemblies_SPRING_FINAL_promo_Circles_20_21_1618240206091,June2020SalesPush
Circles_Online_Assemblies_SPRING_FINAL_ONT_LOCKDOWN_promo_1618324528481,June2020SalesPush
Circles_All_Options_Initial_Fall_Promo_Circles_21_22_1618856243327,June2020SalesPush
Circles_All_Options_VIP_Heads_up_Initial_Promo_Circles_21_22_1618929063333,June2020SalesPush
Circles_All_Options_VIP_Heads_up_Initial_Promo_F_U_Circles_21_22_1620055662609,June2020SalesPush
Circles_All_Options_Initial_Fall_Promo_F_U_Circles_21_22_1620315273919,June2020SalesPush
Circles_All_Options_VIP_Heads_up_Initial_Promo_2nd_F_U_1620831066376,June2020SalesPush
Circles_Final_Pre_summer_Fall_Promo_Circles_21_22_1622472594267,June2020SalesPush
Circles_Final_Pre_summer_Fall_Promo_2nd_F_U_Circles_21_22_1623939864979,June2020SalesPush
Circles_Community_Organization_summer_promo_Circles_21_22_1626105469678,June2020SalesPush
PD_Day_offer_Promo_with_Trailer_LIST_EMAIL_1607613274961,June2020SalesPush
PD_Day_Offer_personal_Circles_20_21_1607619715879,June2020SalesPush
Circles_Online_Assemblies_promo_Circles_20_21_1609945901814,June2020SalesPush
Circles_Online_Assemblies_MISSISSAUGA_promo_Circles_20_21_1610378958619,June2020SalesPush
Circles_Online_Assemblies_MISSISSAUGA_promo_F_U_Circles_20_21_1611168868662,June2020SalesPush
Circles_Online_Assemblies_promo_F_U_Circles_20_21_1611240942028,June2020SalesPush
Circles_Online_Assemblies_promo_2nd_F_U_Circles_20_21_PETER_1612448834217,June2020SalesPush
Circles_Online_Assemblies_promo_Circles_20_21_PETER_1612448734288,June2020SalesPush
Circles_Online_Assemblies_promo_REFRESHER_Circles_20_21_1612973772867,June2020SalesPush
Circles_Online_Assemblies_promo_REFRESHER_F_U_Circles_20_21_1613671461984,June2020SalesPush
Isaias_Follow_Up_Mel_1600111790791,DonorFundraisingTemplates
Gala2020_Intro_Email_1593599140276,DonorFundraisingTemplates
TDSBGeneral_Presentations_Promo_18,OldSchoolCommunicationTemplates
TDSBGeneral_Presentations_Promo_18FU,OldSchoolCommunicationTemplates
AnyBoardGeneral_Presentations_Promo_18MidYear,OldSchoolCommunicationTemplates
TDSBGeneral_Presentations_Promo_182ndFU,OldSchoolCommunicationTemplates
AnyBoardGeneral_Presentations_Promo_18MidYearFU,OldSchoolCommunicationTemplates
VadensIntroEmail,OldSchoolCommunicationTemplates
RyanTextIntro,OldSchoolCommunicationTemplates
Lastminuteschoolboardtemplate,OldSchoolCommunicationTemplates
Thanxletsbookagain,OldSchoolCommunicationTemplates
amberleystextintro,OldSchoolCommunicationTemplates
vetest,OldSchoolCommunicationTemplates
SASLCexec,OldSchoolCommunicationTemplates
CindysIntroText,OldSchoolCommunicationTemplates
CindysSignature,OldSchoolCommunicationTemplates
LastMinuteDonation,OldSchoolCommunicationTemplates
CindysReconnect,OldSchoolCommunicationTemplates
Aretheystillinterested,OldSchoolCommunicationTemplates
ReferenceRequest,OldSchoolCommunicationTemplates
CatholicSchoolTemplate,OldSchoolCommunicationTemplates
PreShowCourtesyEmail,OldSchoolCommunicationTemplates
Survey_Email,OldSchoolCommunicationTemplates
X08_09_TD_accounts_curriculum_email,OldSchoolCommunicationTemplates
May_20_09_Past_2_FY_email_campaign_TD,OldSchoolCommunicationTemplates
June_2009_Email_to_CSLC_DVD_list,OldSchoolCommunicationTemplates
Survey_Email_catchup,OldSchoolCommunicationTemplates
fundraiser_calendar,OldSchoolCommunicationTemplates
referal_email_think_day,OldSchoolCommunicationTemplates
chain_reaction_of_hope,OldSchoolCommunicationTemplates
Sept_2011_current_accounts_mandy_email,OldSchoolCommunicationTemplates
General_Presentations_Promo_18_newyear,OldSchoolCommunicationTemplates
General_Presentations_Promo_18FU,OldSchoolCommunicationTemplates
General_Presentations_Promo_18FU2,OldSchoolCommunicationTemplates
HH_info_signup_response,HeroHoliday
lead_response_parent,HeroHoliday
HH_Weekly_Registration_Update,HeroHoliday
Welcome_Package_Email,HeroHoliday
HH_Dropped_Reg_Lead_1_day,HeroHoliday
HH_Dropped_Reg_Lead_14_day,HeroHoliday
HH_300_reminder_14_day,HeroHoliday
Payment_Notification,HeroHoliday
Weekly_Updates_VFx,HeroHoliday
registration_phone_call_notification,HeroHoliday
Alumni_video_preHoH,HeroHoliday
Alumnipre_campaign,HeroHoliday
X2012HH_Alumni_Xmascampaign,HeroHoliday
X2nd_email_FUNDALUMNI,HeroHoliday
X3_followup_fundAlumni_Christal,HeroHoliday
WV_trip_not_yet_confirmed_notice,HeroHoliday
CRA_church_list_email,HeroHoliday
WV_trip_scholarship_notice,HeroHoliday
Summer_Internship_and_Academy_2014,HeroHoliday
Private_Trip_General_Inquiry_Info,HeroHoliday
X2015_CanadaHelps_email,HeroHoliday
Private_Trip_info_for_schools,HeroHoliday
General_Build_Promo_Lead_Response,HeroHoliday
Zika_Email,HeroHoliday
Home_for_the_Holidays,HeroHoliday
Builds_Survey_Reg,HeroHoliday
Impact,ImpactTemplates
ImpactPersonalResponse,ImpactTemplates
ImpactVolunteerOpportunity,ImpactTemplates
SchoolofLeadershipPromoEmail20072008,ImpactTemplates
CindysSOLSignature,ImpactTemplates
StaffFriendsandFamilySOLInterest,ImpactTemplates
SOLItinerary0809,ImpactTemplates
General_Presentations_Promo_19_20_Intro_prechristmas,SchoolCommunications
TDSB_General_Presentations_Promo_19_20_Intro_prechristmas,SchoolCommunications
General_Presentations_Promo_19_20_Intro_prechristmas2,SchoolCommunications
TDSB_General_Presentations_Promo_19_20_Intro_prechristmas2,SchoolCommunications
General_Presentations_Promo_19_20_OpenDates,SchoolCommunications
General_Presentations_Promo_19_20_OpenDates2,SchoolCommunications
General_Presentations_Promo_19_20_OpenDates3,SchoolCommunications
General_Presentations_Promo_19_20_OpenDates3MB,SchoolCommunications
General_Presentations_Promo_19_20_OpenDates3MBfu,SchoolCommunications
covid_1b_past_3_years_contacts,SchoolCommunications
Circles_Promo_1,SchoolCommunications
Circles_Assembly_HTML_promo_classic,SchoolCommunications
General_Presentations_Promo_19_20_Intro,SchoolCommunications
TDSB_General_Presentations_Promo_19_20_Intro,SchoolCommunications
TDSB_General_Presentations_Promo_19_20_Intro_FU,SchoolCommunications
General_Presentations_Promo_19_20_Intro_FU,SchoolCommunications
TDSB_General_Presentations_Promo_19_20_Intro_2ndFU,SchoolCommunications
General_Presentations_Promo_19_20_Intro_2ndFU,SchoolCommunications
Pre_PRES_Email_Template5,SchoolCommunications
Survey_Email_10days,SchoolCommunications
Pre_Presentation_2018_Teacher,SchoolCommunications
Post_Presentation_2018_parent,SchoolCommunications
New_Registration_Event_Organizer_Alert,Workflow_Templates
Payment_Alert,Workflow_Templates
Circles_Invoice_Attch,Workflow_Templates
School_Presentation_Amount_0,Workflow_Templates
Registration_Closed_Lost,Workflow_Templates
Gala_Sponsorship_Email,Workflow_Templates
Donation_Alert,Workflow_Templates
Rule_alert,Workflow_Templates
Rule_alert2,Workflow_Templates
Donor_Thank_You_Email_1st_donation,Workflow_Templates
HH_2wkpriorparent,Workflow_Templates
HH_survey_triggered,Workflow_Templates
HH_parent_mid,Workflow_Templates
HH_Parent_Post_trip_com,Workflow_Templates
Reference_alert_email_to_JP,Workflow_Templates
seth_testing,Workflow_Templates
HH_WF_3_day_post_trip_student,Workflow_Templates
HH_WF_3_day_post_trip_adult,Workflow_Templates
Team_Buy_Template,Workflow_Templates
HH_Signup_form_submission,Workflow_Templates
HH_Signup_Form_Response,Workflow_Templates
HH_WF_3_week_post_trip_Adult,Workflow_Templates
HH_WF_3_week_post_trip_Student,Workflow_Templates
HH_WF_pre_trip_Adult,Workflow_Templates
HH_WF_pre_trip_Student,Workflow_Templates
HH_WF_Adult_Donor_trip_follow_up_request,Workflow_Templates
HH_WF_Student_Donor_trip_follow_up_request,Workflow_Templates
X2012_Hamper_e_card,Workflow_Templates
HOH_donation_posted_2012,Workflow_Templates
test_show_response_email,Workflow_Templates
Billet_Survey_Email,Workflow_Templates
Reference_Letter_Request,Workflow_Templates
Survey_notify,Workflow_Templates
Team_Billet_Survey,Workflow_Templates
Billet_Survey_Email_vf,Workflow_Templates
Team_Billet_Survey_html,Workflow_Templates
Reference_Letter_Request_keynote,Workflow_Templates
Survey_Email_2days_Keynote,Workflow_Templates
Host_Survey_Re_send,Workflow_Templates
Joy_Initial_HH_contact,Workflow_Templates
Joy_Academy_Lead_Creation,Workflow_Templates
Presentations_time_changed,Workflow_Templates
Post_Show_Feedback,Workflow_Templates
Post_Show_Report_Notification,Workflow_Templates
Post_Show_Comments,Workflow_Templates
School_Invoice,Workflow_Templates
HH_Survey_FA,Workflow_Templates
HH_engage_FA,Workflow_Templates
HH_Post_HH_Surveys_Private_FU,Workflow_Templates
Survey_Email_2days_Keynotejh,Workflow_Templates
Survey_Email_2days_Keynotepm,Workflow_Templates
X3_wk_alert_No_deposit_owner,Workflow_Templates
X3_wk_alert_ashleyalert,Workflow_Templates
New_Incoming_SMS_Alert,Workflow_Templates
New_Project_Alert_Non_House,Workflow_Templates
Opportunity_Celebration,Workflow_Templates
New_Project_Alert,Workflow_Templates
Program_Interest_Email_Notification,Workflow_Templates
New_Private_Trip_Lead_Alert,Workflow_Templates
New_Build_Public_notification,Workflow_Templates
Volunteer_Letter,Workflow_Templates
Transaction_alert,Workflow_Templates
Auto_Print_Labels,Workflow_Templates
PPS_Client_Phone_Follow_UP_Notification,Workflow_Templates
Keynote_Contract_email,Workflow_Templates
Keynote_Invoice_Email,Workflow_Templates
PPS_Client_Phone_Follow_UP_Notification_contacts,Workflow_Templates
New_Registration_alert,Workflow_Templates
project_alert_operational,Workflow_Templates
New_Flight_Alert_staff,Workflow_Templates
Transaction_alert_No_Item_5,Workflow_Templates
School_Invoice_tdsb,Workflow_Templates
POST_PRESENTATION_SURVEY_with_Impact_assessment,Workflow_Templates
Pres_Invoice_Email_attach,Workflow_Templates
Tax_Receipt_Email,Workflow_Templates
Tax_Receipt_Print,Workflow_Templates
Billet_Build_Survey_Interested,Workflow_Templates
Builds_Parent_Packet_mid_Build,Workflow_Templates
Tax_Receipt_Printed_Alert,Workflow_Templates
Presentation_Invoice_Attch,Workflow_Templates
Presentation_Invoice_OVERDUE,Workflow_Templates
Presentation_Invoice_POSTGRID_SNAIL_MAIL,Workflow_Templates
PMC_Drip_Email_2,Workflow_Templates
PMC_Drip_Email_3,Workflow_Templates
PMC_Drip_Email_4,Workflow_Templates
CYF_Ice_campaign_gift,Donor_relation_Templates
CYF_Ice_campaign,Donor_relation_Templates
Iats_Customer_Code_Status_Change_Alert,Donor_relation_Templates
Spotify_DR_Alumni,Donor_relation_Templates
Spotify_MX_Alumni,Donor_relation_Templates
Isaias_Ask,Donor_relation_Templates
Isaias_ThankYou,Donor_relation_Templates
Alumni_DR_Newsletter_Ask,Donor_relation_Templates
Alumni_MX_Newsletter_Ask,Donor_relation_Templates
Corey_Fundraiser_Donation_Alert,Donor_relation_Templates
Covid_Relief_GT_May5,Donor_relation_Templates
COVID_Relief_GOALMET,Donor_relation_Templates
COVID_1st_Delivery_May18,Donor_relation_Templates
COVID_Sentinel,Donor_relation_Templates
Other_Donation_Notification,Donor_relation_Templates
Custom_Gala_Invite,Donor_relation_Templates
Birthday_Reminder,Donor_relation_Templates
Recurring_donation_notification,Donor_relation_Templates
Monthly_Partner_Newsletter,Donor_relation_Templates
general_thanks_absolute,Donor_relation_Templates
Gala_Invite_2010,Donor_relation_Templates
Gala_Invite_2011,Donor_relation_Templates
BP_Store_Invite,Donor_relation_Templates
BP_Store_Acceptance_Notice,Donor_relation_Templates
Gen_donor_email_Hampers_of_Hope,Donor_relation_Templates
past_HHpar_hamper_of_hope_email,Donor_relation_Templates
follow_up_HOH,Donor_relation_Templates
Cindy_Communication_Introduction,Donor_relation_Templates
Cindy_project_June,Donor_relation_Templates
DR_2_2011_Donor_Appeal,Donor_relation_Templates
House_Party_Thank_You,Donor_relation_Templates
Thanks_for_Donation,Donor_relation_Templates
DR_1_2011_Post_update,Donor_relation_Templates
MX_1_2011_Donor_Appeal,Donor_relation_Templates
DR_BP_trip_follow_up,Donor_relation_Templates
DR_med_2011_Donor_Appeal,Donor_relation_Templates
DR_med_2011_General_hurricane_appeal,Donor_relation_Templates
LD_announce_donor_dec2011,Donor_relation_Templates
X2012_hampers,Donor_relation_Templates
X2012_year_end,Donor_relation_Templates
X2011_yrend_campaign,Donor_relation_Templates
Thanks_for_Hamper_Donation_2011,Donor_relation_Templates
may_2012_gendonor_mp_campaign,Donor_relation_Templates
may_2012_OHBA_mp_campaign,Donor_relation_Templates
May_Staff_campaign_2012,Donor_relation_Templates
May_Board_campaign_2012,Donor_relation_Templates
Payment_Notification_VF,Donor_relation_Templates
Designated_Payment_Thank_Youpo,Donor_relation_Templates
Designated_Payment_Trip_Update,Donor_relation_Templates
Charles_Donation_Notification,Donor_relation_Templates
Fundraising_Interest_for_HH_Alumni_2012,Donor_relation_Templates
Thanks_for_being_a_billet,Donor_relation_Templates
X2012GD_not_too_late,Donor_relation_Templates
HH_Volunteer_Evaluation,Donor_relation_Templates
X2013_tax_receipt_email,Donor_relation_Templates
X2013_tax_receipt_email_accounts,Donor_relation_Templates
X1_Donation_Commitment_After_Survey,Donor_relation_Templates
Christmas_Miracle_Release,Donor_relation_Templates
Give_Different_2014,Donor_relation_Templates
Year_end_2014_Email,Donor_relation_Templates
Oak_Bay_VideoReveal,Donor_relation_Templates
With_Love_2018_LL_Monthly,Donor_relation_Templates
With_Love_2018_LL_one,Donor_relation_Templates
With_Love_2018_genmon,Donor_relation_Templates
With_Love_2018_haitialum,Donor_relation_Templates
With_Love_2018_genalum,Donor_relation_Templates
With_Love_2018_Alison,Donor_relation_Templates
Trades_Centre_Fundraiser,Donor_relation_Templates
Oak_Bay_Donations,Donor_relation_Templates
Penticton_Donations,Donor_relation_Templates
Trades_Centre_Fundraiser_02,Donor_relation_Templates
Trades_Centre_Email_FU_info,Donor_relation_Templates
Trades_Centre_Email_FU_info_after_VM,Donor_relation_Templates
Save_The_Date_LLG,Donor_relation_Templates
Gala_Sponsorship_Notification,Donor_relation_Templates
Christmas_2017,Donor_relation_Templates
Academy_Survey_Alumni,Live_Different_Academy
LDA_Acceptance_Email_2017,Live_Different_Academy
LDA_2017_Reference_Form,Live_Different_Academy
LDA_2017_Reference_Email_Sent,Live_Different_Academy
LDA_2017_Follow_Up_Email,Live_Different_Academy
New_Application_academy,Live_Different_Academy
Pre_Trip_Thailand_2013,HH_2013_Email_Templates
DR_1_Group_Flight_Details,HH_2013_Email_Templates
DR_2_Group_Flight_Details,HH_2013_Email_Templates
MX_1_Booking_Flights_2013,HH_2013_Email_Templates
MX_2_Booking_Flights_2013,HH_2013_Email_Templates
HT_2013_3_Week_Payment_Reminder,HH_2013_Email_Templates
TH,HH_2013_Email_Templates
DR_1_Payment_Reminder1,HH_2013_Email_Templates
DR_2_Payment_Reminder,HH_2013_Email_Templates
DR_2013_Introducing_the_Summer_Interns,HH_2013_Email_Templates
HT_2013_Final_Email,HH_2013_Email_Templates
MX_2013_Final_Payment_Reminder,HH_2013_Email_Templates
DR_1_Final_Email,HH_2013_Email_Templates
DR_2_Final_Email,HH_2013_Email_Templates
DR_Summer_Internship_Final_Email,HH_2013_Email_Templates
DR_Summer_Internship_Orientation_Information,HH_2013_Email_Templates
DR_2_Family_Profiles,HH_2013_Email_Templates
MX_1_Pre_Trip_Email,HH_2013_Email_Templates
DR_1_2_Interns_2013,HH_2013_Email_Templates
DR_Interns_Creative_Workshop,HH_2013_Email_Templates
MX_2_Update_Email,HH_2013_Email_Templates
DR_2_Reminder_Email,HH_2013_Email_Templates
DR_2013_Thank_You,HH_2013_Email_Templates
DR_Building_Dreams_Final_Email,HH_2013_Email_Templates
DR_Summer_Interns_Thank_You,HH_2013_Email_Templates
MX_Summer_Interns_Thank_You,HH_2013_Email_Templates
DR_2013_Christmas_September_Update,HH_2013_Email_Templates
MX_2013_Christmas_Sept_Update,HH_2013_Email_Templates
DR_2013_Christmas_Oct_Update,HH_2013_Email_Templates
MX_2013_Christmas_Oct_Update,HH_2013_Email_Templates
DR_2013_Christmas_2_Week_Payment_Reminder,HH_2013_Email_Templates
MX_2013_Christmas_2_Week_Payment_Reminder,HH_2013_Email_Templates
DR_2013_Christmas_Travel_Insurance,HH_2013_Email_Templates
MX_2013_Christmas_Travel_Insurance,HH_2013_Email_Templates
MX_2013_Christmas_Family_Profiles,HH_2013_Email_Templates
MX_2013_Christmas_Packing_List,HH_2013_Email_Templates
DR_2013_Christmas_Family_Profiles,HH_2013_Email_Templates
DR_2013_Christmas_Final_Email,HH_2013_Email_Templates
MX_2013_Christmas_Final_Email,HH_2013_Email_Templates
DR_2013_Christmas_Thank_You,HH_2013_Email_Templates
MX_2013_Christmas_Thank_You,HH_2013_Email_Templates
DR_MX_Summer_Interns_2014_Initial_Email,HH_2014_Email_Templates
HT_2014_Initial_Email_Template,HH_2014_Email_Templates
TH_2014_Initial_Email,HH_2014_Email_Templates
DR_2014_Week_1_Initial_Email,HH_2014_Email_Templates
DR_2014_Week_2_Initial_Email,HH_2014_Email_Templates
MX_2014_Week_1_Inital_Email,HH_2014_Email_Templates
MX_2014_Week_2_Inital_Email,HH_2014_Email_Templates
HT_2014_November_Update,HH_2014_Email_Templates
DR_MX_Summer_Interns_2014_November_Update,HH_2014_Email_Templates
DR_MX_Summer_Interns_2014_Deadline_Reminder,HH_2014_Email_Templates
DR_MX_Summer_Interns_2014_Skype_Phone_Interviews,HH_2014_Email_Templates
DR_2014_Live_Different_and_World_Vision_Trip,HH_2014_Email_Templates
HT_2014_Book_Your_Flights1,HH_2014_Email_Templates
TH_2014_Book_Your_Flights,HH_2014_Email_Templates
DR_2014_Summer_Internship_Acceptance_Email,HH_2014_Email_Templates
MX_2014_Summer_Internship_Acceptance_Email,HH_2014_Email_Templates
HT_2014_One_Month_Payment_Reminder,HH_2014_Email_Templates
TH_2014_One_Month_Payment_Reminder,HH_2014_Email_Templates
HH_2014_WestJet_Code,HH_2014_Email_Templates
TH_2014_One_Week_Payment_Reminder,HH_2014_Email_Templates
HT_TH_2014_Final_Payment_Reminder,HH_2014_Email_Templates
DR_2014_New_Year_s_Trip_Initial_Email,HH_2014_Email_Templates
MX_2014_New_Year_s_Trip_Initial_Email,HH_2014_Email_Templates
HH_2014_General_Inquiry,HH_2014_Email_Templates
TH_2014_Project_Email,HH_2014_Email_Templates
HH_2014_New_Year_s_Trip_WestJet_Code,HH_2014_Email_Templates
DR_2014_Oceanside,HH_2014_Email_Templates
DR_Interns_2_week_payment_reminder,HH_2014_Email_Templates
DR_Public_1_2014_Reg_Deadline_One_Month_Until_Payment_Deadline,HH_2014_Email_Templates
TH_2014_Final_Email,HH_2014_Email_Templates
HT_2014_Final_Email,HH_2014_Email_Templates
MX_2014_Final_Email,HH_2014_Email_Templates
DR_Thank_You,HH_2014_Email_Templates
LDA_Final_Email,HH_2014_Email_Templates
MX_Thank_You,HH_2014_Email_Templates
Live_Different_Builds_Announcement,HH_2014_Email_Templates
DR_2014_Final_Email1,HH_2014_Email_Templates
BP_Store_Invite_2017,BP_Store_Invite
BP_Store_Reminder_2017,BP_Store_Invite
BP_Store_Thank_You_2017,BP_Store_Invite
HT_2015_Initial_Email,Hero_Holiday_2015_Email_Templates
DR_2015_Summer_Public,Hero_Holiday_2015_Email_Templates
MX_2015_Summer_Public,Hero_Holiday_2015_Email_Templates
Trips_2015_One_Month_Until_Payment_Deadline_Store,Hero_Holiday_2015_Email_Templates
Summer_Intern_2015_Initial_Email,Hero_Holiday_2015_Email_Templates
DR_2015_Summer_Intern_Acceptance_Email,Hero_Holiday_2015_Email_Templates
MX_2015_Summer_Intern_Acceptance_Email,Hero_Holiday_2015_Email_Templates
LDB_alumni,Hero_Holiday_2015_Email_Templates
HT_DR_Alumni_Trip_Initial_Email,Hero_Holiday_2015_Email_Templates
DR_HT_Alumni_Build_non_alumni_info,Hero_Holiday_2015_Email_Templates
Haiti_Projects_Update,Hero_Holiday_2015_Email_Templates
Summer_Intern_Assignments,Hero_Holiday_2015_Email_Templates
DR_2015_New_Year_s_Initial_Email,Hero_Holiday_2015_Email_Templates
MX_2015_New_Year_s_Initial_Email,Hero_Holiday_2015_Email_Templates
HT_2015_Final_Email,Hero_Holiday_2015_Email_Templates
DR_2015_Final_Email,Hero_Holiday_2015_Email_Templates
BP_Volunteer_News_Release,Hero_Holiday_2015_Email_Templates
MX_2015_Final_Email,Hero_Holiday_2015_Email_Templates
Survey_Email_2days,Archived_School_Communications
X2011_2012_First_Contact_Email_Template,Archived_School_Communications
X2013_14_LD_Intro_pres_promo_Leads,Archived_School_Communications
Sept_2012_theme_intro_follow_up,Archived_School_Communications
Sept_2012_theme_intro_OA,Archived_School_Communications
Last_minute_Blast_2012_13,Archived_School_Communications
Spring_2013_follow_up,Archived_School_Communications
X2013_14_LD_Intro_pres_promo_accounts,Archived_School_Communications
Live_Different_Editable_Template,Archived_School_Communications
X2013_14_Lead_Text_follow_up,Archived_School_Communications
X2013_14_Acct_Text_follow_up,Archived_School_Communications
X2013_14_Keynote_christal_promo,Archived_School_Communications
X2013_2014_Lead_or_First_Contact_Email_Template1,Archived_School_Communications
X13_14_Lead_First_Contact_HTML1,Archived_School_Communications
X13_14_Lead_First_Contact_HTML2,Archived_School_Communications
X2013_14_Aug_accts_promo,Archived_School_Communications
X2013_14_Aug_leads_promo,Archived_School_Communications
August2013_acct_follow_up,Archived_School_Communications
Team_2_Intro_email,Archived_School_Communications
X2013_14_August_follow_up_clone,Archived_School_Communications
X2013_14_August_follow_up_S_ONT,Archived_School_Communications
X2013_14_August_follow_up_E_ONT,Archived_School_Communications
X2013_14_Last_minute_Blast,Archived_School_Communications
keynote_Christal_oct2013_promo,Archived_School_Communications
Spring_2014_Live_Different_Motivational_Presentation,Archived_School_Communications
Spring_2014_Live_Different_Motivational_Presentation1,Archived_School_Communications
Winter_2014_Jan7th_promo,Archived_School_Communications
Keynote_Christal,Archived_School_Communications
Christal_mar_2014,Archived_School_Communications
X2014_2015_Theme_Survey_for_Educators,Archived_School_Communications
X2014_2015_Theme_Survey_for_Educators2,Archived_School_Communications
X2014_2015_Sneak_Show_Preview_accounts,Archived_School_Communications
May_June_2014_Stay_In_Touch_request,Archived_School_Communications
June2014_leads_promo,Archived_School_Communications
June_2014_Follow_up_to_sneak_peak_theme_email,Archived_School_Communications
June_2014_Follow_up_to_Stay_In_Touch_with_promo,Archived_School_Communications
June_2014_Follow_up_to_Leads,Archived_School_Communications
LD_Consulants_June_2014_Follow_up_resources_survey,Archived_School_Communications
June_2014_school_resources_survey_to_Primary_Contacts,Archived_School_Communications
Aug_2014_email_blast,Archived_School_Communications
Aug_2014_email_blast1,Archived_School_Communications
LD_Consulants_Sept_2014_resources_link,Archived_School_Communications
Fall_2014_Follow_Up,Archived_School_Communications
Resource_Advocate_Template,Archived_School_Communications
SCHOOL_TRIP_ADVOCATE_TEMPLATE1,Archived_School_Communications
SPRING_2015_BLAST_January,Archived_School_Communications
Sept_2015_follow_up,Archived_School_Communications
school_resource_survey,Archived_School_Communications
PRE_SHOW_AUTOFILL_TEMPLATE_Mandy,Archived_School_Communications
X2015_16_editable_intro_promo,Archived_School_Communications
General_Editable_Template_master,Archived_School_Communications
Sept_2015_feedback_from_resources_activities,Archived_School_Communications
Sept_2015_survey_reminder,Archived_School_Communications
Funding_for_SCHOOL_NAME_to_have_Canada_s_top_presentation,Archived_School_Communications
X2015_16_editable_intro_Ontariopromo,Archived_School_Communications
X2015_16_editable_intro_OntariopromoMiddleSchools,Archived_School_Communications
PRE_EVENT_SURVEY_RESOURCE_FOLDER_HTML,Archived_School_Communications
Text_based_Follow_Up_2015,Archived_School_Communications
X2015_16_prechristmas_intro_promo,Archived_School_Communications
X2015_16_happy_new_year_blast_promo,Archived_School_Communications
Jan_2016_LD_consultants_survey,Archived_School_Communications
April_2016_Fix_Your_Focus_promo,Archived_School_Communications
April_2016_Fix_Your_Focus_coldpromo,Archived_School_Communications
X2016_2017_Editable_Promo,Archived_School_Communications
Apology_april_2016,Archived_School_Communications
SP_Email_1Bold,Archived_School_Communications
SP_Email_1C_oldcopy,Archived_School_Communications
Email_2_Reminder_OLD,Archived_School_Communications
SP_email_3_Final_contact_OLD,Archived_School_Communications
X2016_2017_Fix_The_Focus_Follow_Up,Archived_School_Communications
X2016_2017_Fix_The_Focus_SP_cold_promo1,Archived_School_Communications
X2016_2017_Fix_The_Focus_SP_cold_promo1_FU,Archived_School_Communications
X2016_17_Fix_The_Focus_video_editable,Archived_School_Communications
FTF_Editable_Video_Promo_June_2016,Archived_School_Communications
X2016_2017_FTF_Sales_Process_Hard_Ask,Archived_School_Communications
X2017_2018_Love_Legacy_Editable_Promo2nd,Archived_School_Communications
X2017_2018_Love_Legacy_Editable_Promo2ndfu,Archived_School_Communications
X2017_2018_Love_Legacy_Editable_Promo2ndTDSB,Archived_School_Communications
PRE_EVENT_SURVEY_RESOURCE_FOLDER,Archived_School_Communications
Issue_Survey_2015_Spring,Archived_School_Communications
Issue_Survey_2015_Spring_consultants,Archived_School_Communications
Keynotes_spring_2015,Archived_School_Communications
Theme_feedback_2015,Archived_School_Communications
theme_feedback_to_consultants_April_2015,Archived_School_Communications
june_2015_Follow_up_to_Leads,Archived_School_Communications
May2015_contacts_promo,Archived_School_Communications
PRE_SHOW_AUTOFILL_TEMPLATE,Archived_School_Communications
test,Archived_School_Communications
May2015_contacts_promo2,Archived_School_Communications
May2015_leads_promox,Archived_School_Communications
pricing_feedback_to_consultants_June_2015,Archived_School_Communications
pricing_feedback_to_recent_bookings_June_2015,Archived_School_Communications
a2015_presentations_promo_for_builds_alumni,Archived_School_Communications
CONTRACT_FOR_LIVE_DIFFERENT_PRESENTATION4,Archived_School_Communications
Sept2015_contacts_promo2,Archived_School_Communications
Sept2015_leads_promo,Archived_School_Communications
Post_Transition_Activity_Survey,Archived_School_Communications
Year_End_Checklist,Archived_School_Communications
X2015_16_editable_intro_Manitobapromo,Archived_School_Communications
X2015_16_editable_intro_SASKbapromo,Archived_School_Communications
X2015_16_editable_intro_ManitobapromoMiddleSchools,Archived_School_Communications
X2016_2017_Editable_Promo_Fu,Archived_School_Communications
X2016_2017_Editable_Promo_Fu2,Archived_School_Communications
X2016_2017_Dates_Editable_Promo,Archived_School_Communications
X2016_2017_Christmas_Editable_Promo,Archived_School_Communications
X2016_2017_ChristmasFU_Editable_Promo,Archived_School_Communications
X2016_2017_Editable_PromoTDSB,Archived_School_Communications
X2016_2017_FU_Editable_PromoTDSB,Archived_School_Communications
X2016_2017_2nd_FU_Editable_PromoTDSB,Archived_School_Communications
X2016_2017_WPGEditable_PromoTDSB,Archived_School_Communications
Mar_2017_LD_consultants_survey,Archived_School_Communications
Mar_2017_presentation_survey_to_conacts,Archived_School_Communications
X2017_18_Love_Legacy_video_editable,Archived_School_Communications
X2017_2018_Love_Legacy_Editable_Promo,Archived_School_Communications
X2017_2018_Love_Legacy_Editable_summersendoff,Archived_School_Communications
X2017_2018_Love_Legacy_Editable_Promo_SchoolBoard,Archived_School_Communications
X2017_2018_Love_Legacy_Editable_midsummer,Archived_School_Communications
X2017_2018_Love_Legacy_Editable_PromoFALL,Archived_School_Communications
X2017_2018_Love_Legacy_Editable_Promo2FALL,Archived_School_Communications
General_Presentations_Promo,Archived_School_Communications
General_Presentations_PromoFU,Archived_School_Communications
General_Presentations_PromoTDSB,Archived_School_Communications
Christmas_General_Presentations_Promo,Archived_School_Communications
Christmas_General_Presentations_Promo_TDSB,Archived_School_Communications
NewYear_General_Presentations_Promo,Archived_School_Communications
NewYearTDSB_General_Presentations_Promo,Archived_School_Communications
NewYearTDSB_FUGeneral_Presentations_Promo,Archived_School_Communications
NewYear_General_FU_Presentations_Promo,Archived_School_Communications
GeneralShareable_20172018,Archived_School_Communications
Confirmation_of_Phone_Appointment_Status_CPFU_2015,Live_Different_PPS
Send_Information_No_Contact_Left_VM_Status_SINC_Left_VM_sask,Live_Different_PPS
Send_Information_Status_Send_Info_2015,Live_Different_PPS
May2015_leads_promo,Live_Different_PPS
May2015_leads_promo_r2,Live_Different_PPS
MX_2016_Summer_Public_Initial_Email,LDB_2016
DR_2016_Summer_Public_Initial_Email,LDB_2016
HT_2016_Public_Initial_Email,LDB_2016
X2016_One_Month_till_Payment_Deadline_Store_Flights,LDB_2016
DR_2016_One_Month_till_Payment_Deadline_Store_Flights,LDB_2016
HT_DR_2016_Alumni_Build_Initial_Email,LDB_2016
DR_MX_2016_Intern_Initial_Email,LDB_2016
DR_2016_Intern_Acceptance_Email,LDB_2016
MX_2016_Intern_Acceptance_Email,LDB_2016
DR_2016_Final_Email,LDB_2016
MX_2016_Final_Email,LDB_2016
LDB_Interns_Info_Email_for_2016,LDB_2016
DR_2016_New_Year_s_Initial_Email,LDB_2016
MX_2016_New_Year_s_Initial_Email,LDB_2016
Builds_2016_Payment_Reminder_Store,LDB_2016
LDB_Intern_Template_Edit,LDB_2016
DR_2016_Two_Week_Payment_Reminder_Store_Flights,LDB_2016
MX_2016_Two_Week_Payment_Reminder_Store_Flights,LDB_2016
DR_Alumni_2016_Two_Week_Payment_Reminder_Store_Flights,LDB_2016
DR_2017_March_Break_Date_Change,LDB_2016
DR_2016_Family_Profiles,LDB_2016
HT_DR_2016_Final_Email,LDB_2016
DR_HT_2016_Family_Profiles,LDB_2016
MX_2016_Family_Profile,LDB_2016
DR_2016_Link_to_Photos,LDB_2016
DR_2016_New_Year_s_Payment_Reminder_Email,LDB_2016
DR_2017_March_Break_Check_Up_Email,LDB_2016
Holiday_Fundraiser,LDB_2016
DR_New_Year_s_2016_Final_Email,LDB_2016
MX_New_Year_s_2016_Final_Email,LDB_2016
DR_New_Year_s_2016_Family_Profile1,LDB_2016
MX_New_Year_s_2016_Family_Profile,LDB_2016
MX_New_Year_s_2016_Weather_Update,LDB_2016
X4moresleeps,Builds_Contest_Emails
Winner_2018,Builds_Contest_Emails
Connect_With_Austin,Builds_Contest_Emails
Instagram_Follow_Wrapup,Builds_Contest_Emails
contest_natalia_Builds_Contest,Builds_Contest_Emails
Contest_Parent_Email,Builds_Contest_Emails
Contest_Thanks_Interested,Builds_Contest_Emails
contest_Julia_Austin_Builds_Contest,Builds_Contest_Emails
Contest_Choices,Builds_Contest_Emails
Contest_Fundraising,Builds_Contest_Emails
survey_sent_to_Ice_Road_tour_builds_sign_ups,Indigenous_Specific_Communications
Builds_Profile_Intro,Projects
Love_Legacy_2018_Nov21_WLGupdate,Love_Legacy
LL_Haiti_riot_Update_2019,Love_Legacy
LL_Haiti_riot_back2school,Love_Legacy
Heather_Introduction,Love_Legacy
Teacher_Training,Love_Legacy
Love_Legacy_2018_NMD,Love_Legacy
Love_Legacy_Update_01,Love_Legacy
Love_Legacy_Update_kitchen,Love_Legacy
Love_Legacy_Update_Kitchen_Video,Love_Legacy
Love_Legacy_Update_02,Love_Legacy
Photo_Book_Offer,Love_Legacy
LLgalainvite,Love_Legacy
Love_Legacy_Haiti_Inst_Stories,Love_Legacy
Love_Legacy_Irma_Update,Love_Legacy
Love_Legacy_2017_Holiday,Love_Legacy
Love_Legacy_2018_V_Day,Love_Legacy
Love_Legacy_2018_Oct17th,Love_Legacy
Contest_Information,Drip_Campaigns
day2_email_builds_drip,Drip_Campaigns
immediate_email_builds_drip,Drip_Campaigns
Day3_Change_Builds_Drip,Drip_Campaigns
Day5_fundraising_Builds_Drip,Drip_Campaigns
Day8_Excurssion_Builds_Drip,Drip_Campaigns
day6_email_builds_drip,Drip_Campaigns
Austin_Inst_to_leads,Drip_Campaigns
Kitchen_Reno_Update_2020,Builds_Follow_Up_Donors
Builds_Follow_Up_Donors,Builds_Follow_Up_Donors
Builds_Follow_Up_Volunteers,Builds_Follow_Up_Donors
Trades_Centre_Update_1,Builds_Follow_Up_Donors
Aug_2019_Internship_Email_template,Tour_Internship
Internship_Lead_Email_2017,Tour_Internship
Haiti_Survey_2018,LDB_2017_Email_Templates
MX_2017_New_Year_s_Initial_Email,LDB_2017_Email_Templates
Missing_Information,LDB_2017_Email_Templates
Program_Information,LDB_2017_Email_Templates
Travel_Insurance_Needed,LDB_2017_Email_Templates
Forms_Needed,LDB_2017_Email_Templates
MX_2018_Summer_Public_Initial_Email,LDB_2017_Email_Templates
DR_2018_Summer_Public_Initial_Email,LDB_2017_Email_Templates
DR_2018_Spring_Public_Initial_Email,LDB_2017_Email_Templates
SP_Email_1A,School_Sales_Workflow_Emails
SP_Email_1B,School_Sales_Workflow_Emails
Email_2_Reminder,School_Sales_Workflow_Emails
SP_email_3_Final_contact,School_Sales_Workflow_Emails
SP_Email_1C,School_Sales_Workflow_Emails
SP_Email_2_Reminder_AFTER_CHRISTMAS,School_Sales_Workflow_Emails
SP_email_3_Final_contact_RESUMED,School_Sales_Workflow_Emails
SP_Email_1Acopy,School_Sales_Workflow_Emails
Logged_Call_Email_1,School_Sales_Workflow_Emails
Logged_Call_Email_2,School_Sales_Workflow_Emails
Logged_Call_Email_3,School_Sales_Workflow_Emails
example_template,School_Sales_Workflow_Emails
PMC_Drip_Email_1,School_Sales_Workflow_Emails
Closed_Registration_Vol_Alert,Communities
Deposit_Reminder_7_days,Communities
MIssing_Deposit_2wk_reminder,Communities
CommunityWelcomeEmailTemplate,Communities
CommunityChangePasswordEmailTemplate,Communities
CommunityForgotPasswordEmailTemplate,Communities
New_Registration_Vol_conf,Communities
Welcome_Email_Communities2016,Communities
Forgot_Password_Communities2016,Communities
changed_Password_Communities2016,Communities
New_User,Communities
AutoPrintTemplate_labels,Communities
Registration_Confirmation,Communities
Staff_Registration_Alert,Communities
Donation_Thank_You_Generic,Communities
Transaction_Confirmation,Communities
Fundraising_Personal_tip,Communities
Fundraising_First_tip,Communities
Fundraising_Follow_tip,Communities
Portal_Public_Launch,Communities
Dropped_Reg_1_Day,Communities
Dropped_Reg_14_Day,Communities
Trades_Centre_Update,Communities
Staff_Registration_AlertV,Communities
New_User_Info_Missing_1,Communities
New_User_Info_Missing_3,Communities
LoveLegacy_Monthly_Welcome,Communities
New_User_Info_Missing_1_contact,Communities
Staff_Reg_missing_info_alert,Communities
Staff_Reg_missing_info_alert2,Communities
New_User_info_missing_html,Communities
Dropped_Reg_7_Day,Communities
Dropped_Reg_1_Day_html,Communities
Returned_Transaction,Communities
New_Application_WITL,Communities
New_Application_Generic_Build,Communities
BiWeekly_Updates_Vol_Email,Communities
AutoPrintTemplate,Communities
Facebook_Invite_student,Communities
General_Monthly_Welcome,Communities
DR_2017_March_Break_Initial_Email,LDB_2017_Nonactive_Emails
DR_2017_Summer_Public_Payment_Reminder,LDB_2017_Nonactive_Emails
MX_2017_Summer_Public_Payment_Reminder,LDB_2017_Nonactive_Emails
DR_2016_Summer_Public_Trip_s_Initial_Email,LDB_2017_Nonactive_Emails
MX_2016_Summer_Public_Trip_s_Initial_Email,LDB_2017_Nonactive_Emails
HT_2017_Public_Initial_Email,LDB_2017_Nonactive_Emails
DR_2016_March_Break_Payment_Reminder_Email,LDB_2017_Nonactive_Emails
DR_2017_March_Break_Payment_Reminder_Email,LDB_2017_Nonactive_Emails
HT_2017_Trip_Approved,LDB_2017_Nonactive_Emails
HT_2017_One_month_payment_reminder,LDB_2017_Nonactive_Emails
DR_2017_March_Break_Payment_Reminder_Email_2,LDB_2017_Nonactive_Emails
HT_2017_March_Break_Facebook_Group,LDB_2017_Nonactive_Emails
DR_2017_March_Break_Final_Email,LDB_2017_Nonactive_Emails
DR_2017_March_Break_Family_Profile,LDB_2017_Nonactive_Emails
DR_2017_Summer_Public_Deposit_Reminder,LDB_2017_Nonactive_Emails
MX_2017_Summer_Public_Deposit_Reminder,LDB_2017_Nonactive_Emails
MX_2017_Summer_Internship_s_Initial_Email,LDB_2017_Nonactive_Emails
HT_2017_Final_Email,LDB_2017_Nonactive_Emails
MX_2017_Week_in_the_Life_Initial_Email,LDB_2017_Nonactive_Emails
MX_2017_Summer_Internship_s_Next_Steps_Email,LDB_2017_Nonactive_Emails
MX_2017_Summer_Internship_s_Assignment_1,LDB_2017_Nonactive_Emails
MX_2017_Staff_Flight,LDB_2017_Nonactive_Emails
MX_2017_Summer_Leads_Staff_Flight,LDB_2017_Nonactive_Emails
DR_2017_Staff_Flight,LDB_2017_Nonactive_Emails
DR_2017_Summer_Public_Final_Email,LDB_2017_Nonactive_Emails
DR_2017_Summer_Public_Final_Email1,LDB_2017_Nonactive_Emails
DR_2017_Summer_Public_Extra_Nights,LDB_2017_Nonactive_Emails
DR_2017_Summer_Public_FB_Group,LDB_2017_Nonactive_Emails
DR_2017_Summer_Public_Family_Profile,LDB_2017_Nonactive_Emails
MX_2017_Summer_Public_Reminders,LDB_2017_Nonactive_Emails
MX_2017_Summer_Public_Final_and_Family_Profile,LDB_2017_Nonactive_Emails
MX_2017_Summer_Internship_Final_Email,LDB_2017_Nonactive_Emails
LDA_Acceptance_Email1,Old_Academy_Emails
LDA_Email_Update,Old_Academy_Emails
LDA_Date_Change,Old_Academy_Emails
LDA_Fall_2014_Secure_your_spot,Old_Academy_Emails
LDA_2014_Booking_Your_Flights,Old_Academy_Emails
Live_Different_Academy_Info,Old_Academy_Emails
LDA_Acceptance_Email_2015,Old_Academy_Emails
Academy_Update_for_2016_Peter,Old_Academy_Emails
LDA_Acceptance_Email_2016,Old_Academy_Emails
Feb_2017_Interest_Email,Old_Academy_Emails
LDA_2015_Alumni_Contact,Old_Academy_Emails
LDA_2015_Final_Email,Old_Academy_Emails
Lead_Email_2017,Old_Academy_Emails
Educator_Builds_Drip_1_1694112077773,X20232024SchoolAutomationsSchoolAutomations
Builds_Draw_Email_1_1694447601305,X20232024SchoolAutomationsSchoolAutomations
Educator_Builds_Email_2_1694535250793,X20232024SchoolAutomationsSchoolAutomations
Educator_Builds_Email_3_1694537605146,X20232024SchoolAutomationsSchoolAutomations
Builds_Draw_Email_2_1694546685458,X20232024SchoolAutomationsSchoolAutomations
Builds_Draw_Email_3_1694547570863,X20232024SchoolAutomationsSchoolAutomations
Educator_PMC_Builds_Drip_1_1694622805222,X20232024SchoolAutomationsSchoolAutomations
Educator_PMC_Builds_Drip_2_1694624472467,X20232024SchoolAutomationsSchoolAutomations
Educator_PMC_Builds_Drip_3_1694624655081,X20232024SchoolAutomationsSchoolAutomations
Educator_PMC_Builds_Drip_4_1694625443126,X20232024SchoolAutomationsSchoolAutomations
Educator_PMC_Email_1_1694628475201,X20232024SchoolAutomationsSchoolAutomations
Educator_PMC_Email_2_1694714378837,X20232024SchoolAutomationsSchoolAutomations
Educator_PMC_Email_3_1694714566497,X20232024SchoolAutomationsSchoolAutomations
Educator_Academy_Email_1_1694716462799,X20232024SchoolAutomationsSchoolAutomations
Educator_Academy_Email_2_1694716604175,X20232024SchoolAutomationsSchoolAutomations
Student_Builds_Email_1_1695157993312,X20232024SchoolAutomationsSchoolAutomations
Student_Builds_Email_2_1695158352157,X20232024SchoolAutomationsSchoolAutomations
Student_Builds_Email_3_1695158806772,X20232024SchoolAutomationsSchoolAutomations
Student_Academy_Email_1_1695159280033,X20232024SchoolAutomationsSchoolAutomations
Student_Academy_Email_2_1695159339117,X20232024SchoolAutomationsSchoolAutomations
Student_Academy_Email_3_1695159464386,X20232024SchoolAutomationsSchoolAutomations
Student_Builds_Academy_Email_1_1695239983357,X20232024SchoolAutomationsSchoolAutomations
Student_Builds_Academy_Email_2_1695240763154,X20232024SchoolAutomationsSchoolAutomations
Student_Builds_Academy_Email_3_1695240861378,X20232024SchoolAutomationsSchoolAutomations
Student_Builds_Academy_Email_4_1695240979773,X20232024SchoolAutomationsSchoolAutomations
Test_email_1697050305405,X20232024SchoolAutomationsSchoolAutomations
Builds_Re_Draw_Email_1_1705512540527,X20232024SchoolAutomationsSchoolAutomations
PMC_catch_up_pre_automation_checkin_1706214274975,X20232024SchoolAutomationsSchoolAutomations
Example_Template_email_2_1707839384892,X20232024SchoolAutomationsSchoolAutomations
Example_Template_1707838933147,X20232024SchoolAutomationsSchoolAutomations
GTA_May_Bookings_Primary_Email_1707845750475,X20232024SchoolAutomationsSchoolAutomations
GTA_May_Bookings_Primary_Email_2_1707847252460,X20232024SchoolAutomationsSchoolAutomations
GTA_May_Bookings_Primary_Email_3_1707847430434,X20232024SchoolAutomationsSchoolAutomations
Lead_Drip_PMC_Email_1_1727196105270,X20232024SchoolAutomationsSchoolAutomations
With_Love_Gala_2024_WPG_1_Dietary_restrictions_1727192635950,WithLoveGala
With_Love_Gala_2024_WPG_2_Reminder_for_Dietary_restrictions_1727380517938,WithLoveGala
With_Love_Gala_2024_WPG_3_Final_details_1727878953267,WithLoveGala
test_1727127476646,X2425SchoolCommsSchoolComms
PMC_announcement_2_1727296865837,X2425SchoolCommsSchoolComms
PMC_announcement_1727299838715,X2425SchoolCommsSchoolComms
PMC_announcement_email_2_w_testimonials_1731000509281,X2425SchoolCommsSchoolComms
Birdies_for_Kids_2024_Thank_You_Email_1729794316046,FundraisingCampaigns
Builds_Alumni_Feature_1731518684084,FundraisingCampaigns
Youth_Scholarship_Fund_Feature_1731519905673,FundraisingCampaigns
Xmas_2024_Email_1_1733152822922,FundraisingCampaigns
Xmas_2024_Email_2_1733242232882,FundraisingCampaigns
Xmas_2024_Email_2a_1733332614924,FundraisingCampaigns