A_Very_Happy_Good_Bye,Joy_Yu's_Personal_Email_Templates
a2015_presentations_promo_for_builds_alumni,Archived_School_Communications
Academy_Survey_Alumni,Live_Different_Academy
Academy_Update_for_2016_Peter,Old_Academy_Emails
Afterinitialmeetingcorporate,Vaden_Earle's_Personal_Email_Templates
Alumni_DR_Newsletter_Ask,Donor_relation_Templates
Alumni_MX_Newsletter_Ask,Donor_relation_Templates
Alumni_video_preHoH,Hero_Holiday_-_General_Email_Templates
Alumnipre_campaign,Hero_Holiday_-_General_Email_Templates
amberleystextintro,Old_School_Communication_Templates
AnyBoardGeneral_Presentations_Promo_18MidYear,Old_School_Communication_Templates
AnyBoardGeneral_Presentations_Promo_18MidYearFU,Old_School_Communication_Templates
Apology_april_2016,Archived_School_Communications
April_2016_Fix_Your_Focus_coldpromo,Archived_School_Communications
April_2016_Fix_Your_Focus_promo,Archived_School_Communications
Aretheystillinterested,Old_School_Communication_Templates
Assemblies_blast_Peter_1615391467096,Peter_Gibson's_Private_Email_Templates
Aug_2014_email_blast,Archived_School_Communications
Aug_2014_email_blast1,Archived_School_Communications
Aug_2019_Internship_Email_template,Tour_Internship
August2013_acct_follow_up,Archived_School_Communications
Austin_Inst_to_leads,Drip_Campaigns
Auto_Print_Labels,Workflow_Templates
AutoPrintTemplate,Communities
AutoPrintTemplate_labels,Communities
band_search_jul_2014,Unfiled_Public_Classic_Email_Templates
BCStudentActivityAdvisors,Unfiled_Public_Classic_Email_Templates
Bella_promo,Ashley_Smart's_Personal_Email_Templates
BFK_promo_1_1719435398738,Public_Email_Templates
BFK_promo_2_1719435858873,Public_Email_Templates
BFK_promo_3_1719436009019,Public_Email_Templates
Billet_Build_Survey_Interested,Workflow_Templates
Billet_email_from_Derek_1671489019816,My_Private_Email_Templates
Billet_Survey_Email,Workflow_Templates
Billet_Survey_Email_vf,Workflow_Templates
Billet_Tax_Receipt_Verification_Approval,Unfiled_Public_Classic_Email_Templates
Billet_Thank_You,Unfiled_Public_Classic_Email_Templates
Birdies_for_Kids_2024_Thank_You_Email_1729794316046,Fundraising_Campaigns
Birthday_Reminder,Donor_relation_Templates
BirthdayCronJob,Unfiled_Public_Classic_Email_Templates
BiWeekly_Updates_Vol_Email,Communities
BlackTieFollowUp1,Vaden_Earle's_Personal_Email_Templates
BP_Store_Acceptance_Notice,Donor_relation_Templates
BP_Store_Invite,Donor_relation_Templates
BP_Store_Invite_2017,BP_Store_Invite
BP_Store_Reminder_2017,BP_Store_Invite
BP_Store_Thank_You_2017,BP_Store_Invite
BP_Volunteer_News_Release,Hero_Holiday_2015_-_Email_Templates
Builds_2016_Payment_Reminder_Store,LDB_2016_-_Email_Templates
Builds_Alumni_Feature_1731518684084,Fundraising_Campaigns
Builds_Draw_Email_1_1694447601305,2023-2024_School_Automations
Builds_Draw_Email_2_1694546685458,2023-2024_School_Automations
Builds_Draw_Email_3_1694547570863,2023-2024_School_Automations
Builds_Follow_Up_Donors,Builds_Follow_Up_&_Donors
Builds_Follow_Up_Volunteers,Builds_Follow_Up_&_Donors
Builds_Lead_Email_1570653042806,Austin_Gauthier's_Private_Email_Templates
Builds_Parent_Packet_mid_Build,Workflow_Templates
Builds_Profile_Intro,Projects
Builds_Re_Draw_Email_1_1705512540527,2023-2024_School_Automations
Builds_Survey_Reg,Hero_Holiday_-_General_Email_Templates
Business_calendar_promo,Absolute_Staff's_Personal_Email_Templates
calendar_HH_apps,Absolute_Staff's_Personal_Email_Templates
Calendar_invite_email_with_parents_1544906563809,Public_Email_Templates
Calendar_Promo_HH_Past,Absolute_Staff's_Personal_Email_Templates
calpastorder,Ashley_Smart's_Personal_Email_Templates
CatholicSchoolTemplate,Old_School_Communication_Templates
chain_reaction_of_hope,Old_School_Communication_Templates
changed_Password_Communities2016,Communities
Charles_BP_English_Email_Feb_2018,Unfiled_Public_Classic_Email_Templates
Charles_BP_French_Email_Feb_2018,Unfiled_Public_Classic_Email_Templates
Charles_Donation_Notification,Donor_relation_Templates
Christal_mar_2014,Archived_School_Communications
Christal_mar_2014test,Ashley_Smart's_Personal_Email_Templates
Christmas_2017,Donor_relation_Templates
Christmas_General_Presentations_Promo,Archived_School_Communications
Christmas_General_Presentations_Promo_TDSB,Archived_School_Communications
Christmas_Miracle_Release,Donor_relation_Templates
ChurchBookingAngela,Vaden_Earle's_Personal_Email_Templates
ChurchesHHSuport,Vaden_Earle's_Personal_Email_Templates
Cindy_Communication_Introduction,Donor_relation_Templates
Cindy_project_June,Donor_relation_Templates
CindysIntroText,Old_School_Communication_Templates
CindysReconnect,Old_School_Communication_Templates
CindysSignature,Old_School_Communication_Templates
CindysSOLSignature,Impact_Templates
Circle_Reconnecting_1614807074642,My_Private_Email_Templates
Circles_All_Options_Initial_Fall_Promo_Circles_21_22_1618856243327,June_2020_Sales_Push
Circles_All_Options_Initial_Fall_Promo_F_U_Circles_21_22_1620315273919,June_2020_Sales_Push
Circles_All_Options_VIP_Heads_up_Initial_Promo_2nd_F_U_1620831066376,June_2020_Sales_Push
Circles_All_Options_VIP_Heads_up_Initial_Promo_Circles_21_22_1618929063333,June_2020_Sales_Push
Circles_All_Options_VIP_Heads_up_Initial_Promo_Circles_21_22_1619545228173,Peter_Gibson's_Private_Email_Templates
Circles_All_Options_VIP_Heads_up_Initial_Promo_F_U_Circles_21_22_1620055662609,June_2020_Sales_Push
Circles_Assemblies_HTML_Promo_1638979849697,Fall_2021_Circles_Communications
Circles_Assembly_HTML_promo_classic,School_Communications
Circles_Assembly_Promo_Follow_up_from_Devina_1643130816555,Fall_2021_Circles_Communications
Circles_Checking_In_on_Initial_Blast_JP_1592235722219,Jonathan_Peters's_Private_Email_Templates
Circles_Comm_Orgs_Finding_Best_Contact_with_Promo_1594651054019,June_2020_Sales_Push
Circles_Comm_Orgs_Spoke_with_Contact_with_Promo_1594664176473,June_2020_Sales_Push
Circles_Community_Organization_summer_promo_Circles_21_22_1626105469678,June_2020_Sales_Push
Circles_Final_Pre_summer_Fall_Promo_2nd_F_U_Circles_21_22_1623939864979,June_2020_Sales_Push
Circles_Final_Pre_summer_Fall_Promo_Circles_21_22_1622472594267,June_2020_Sales_Push
Circles_Final_Pre_summer_Fall_Promo_F_U_Circles_21_22_1623164371137,Dave_Hamilton's_Private_Email_Templates
Circles_Final_Pre_summer_Fall_Promo_final_F_U_Circles_21_22_1624553092358,Dave_Hamilton's_Private_Email_Templates
Circles_Finding_Best_Contact_1591888806883,June_2020_Sales_Push
Circles_Finding_Best_Contact_with_Promo_1592400787315,June_2020_Sales_Push
Circles_Finding_Best_Contact_with_Promo_JP_1592415142363,Jonathan_Peters's_Private_Email_Templates
Circles_Finding_Best_Contact_with_Promo_JP_1593030788789,Jonathan_Peters's_Private_Email_Templates
Circles_Finding_Best_Contact_with_Promo_SUMMER_1594824343830,June_2020_Sales_Push
Circles_Follow_Up_2_1593032186251,Jonathan_Peters's_Private_Email_Templates
Circles_Follow_Up_Initial_Blast_1591887994294,June_2020_Sales_Push
Circles_Homeschool_Organizations_summer_promo_Circles_21_22_1628705068224,June_2020_Sales_Push
Circles_Invoice_Attch,Workflow_Templates
Circles_License_Receivable_1677170102346,Derek_Boyce's_Private_Email_Templates
Circles_License_Receivable_1677170200870,Derek_Boyce's_Private_Email_Templates
Circles_Online_Assemblies_MISSISSAUGA_promo_Circles_20_21_1610378958619,June_2020_Sales_Push
Circles_Online_Assemblies_MISSISSAUGA_promo_F_U_Circles_20_21_1611168868662,June_2020_Sales_Push
Circles_Online_Assemblies_promo_2nd_F_U_Circles_20_21_PETER_1612448834217,June_2020_Sales_Push
Circles_Online_Assemblies_promo_Circles_20_21_1609945901814,June_2020_Sales_Push
Circles_Online_Assemblies_promo_Circles_20_21_PETER_1612448734288,June_2020_Sales_Push
Circles_Online_Assemblies_promo_F_U_Circles_20_21_1611240942028,June_2020_Sales_Push
Circles_Online_Assemblies_promo_REFRESHER_Circles_20_21_1612973772867,June_2020_Sales_Push
Circles_Online_Assemblies_promo_REFRESHER_F_U_Circles_20_21_1613671461984,June_2020_Sales_Push
Circles_Online_Assemblies_SPRING_FINAL_ONT_LOCKDOWN_promo_1618324528481,June_2020_Sales_Push
Circles_Online_Assemblies_SPRING_FINAL_promo_Circles_20_21_1618240206091,June_2020_Sales_Push
Circles_Online_Assemblies_SPRING_promo_2nd_F_U_Circles_20_21_1617118800373,June_2020_Sales_Push
Circles_Online_Assemblies_SPRING_promo_Circles_20_21_1615321305355,June_2020_Sales_Push
Circles_Online_Assemblies_SPRING_promo_F_U_Circles_20_21_1615997097197,June_2020_Sales_Push
Circles_PD_Session_SPRING_promo_Circles_20_21_1617728040813,June_2020_Sales_Push
Circles_Program_Referral_School_Contacts_1635183781422,Fall_2021_Circles_Communications
Circles_Promo_1,School_Communications
Circles_Promo_Email_General_1591882089163,June_2020_Sales_Push
Circles_Promo_Email_JP_1593031260612,Jonathan_Peters's_Private_Email_Templates
Circles_Promo_Email_Less_Formal_General_1591886850210,June_2020_Sales_Push
Circles_Referral_Assembly_Contacts_1635182609097,Fall_2021_Circles_Communications
Circles_Referral_Org_Contacts_1635183212574,Fall_2021_Circles_Communications
Circles_Schools_Blank_Promo_with_HTML_f_u_Circles_21_22_1629384703034,June_2020_Sales_Push
Circles_Schools_Initial_Fall_Promo_Circles_21_22_1628879871092,June_2020_Sales_Push
Circles_Schools_Initial_Fall_Promo_Circles_21_22_V2_1629216342234,June_2020_Sales_Push
Circles_Schools_Initial_Fall_Promo_f_u_Circles_21_22_1630421937936,June_2020_Sales_Push
Circles_Schools_NEW_Fall_Promo_digital_programming_Circles_21_22_1631212306483,June_2020_Sales_Push
Circles_Schools_NEW_Fall_Promo_F_U_digital_programming_1632242195718,June_2020_Sales_Push
Circles_Schools_NEW_Fall_Promo_testimony_video_Circles_21_22_1632747966428,June_2020_Sales_Push
Closed_Registration_Vol_Alert,Communities
COL_1,Ashley_Smart's_Personal_Email_Templates
COL_2,Ashley_Smart's_Personal_Email_Templates
CommunityAsyncVerificationEmailTemplate,Unfiled_Public_Classic_Email_Templates
CommunityChangePasswordEmailTemplate,Communities
CommunityChgEmailVerNewTemplate,Unfiled_Public_Classic_Email_Templates
CommunityChgEmailVerOldTemplate,Unfiled_Public_Classic_Email_Templates
CommunityDeviceActEmailTemplate,Unfiled_Public_Classic_Email_Templates
CommunityForgotPasswordEmailTemplate,Communities
CommunityHeadlessForgotPasswordTemplate,Unfiled_Public_Classic_Email_Templates
CommunityHeadlessRegistrationTemplate,Unfiled_Public_Classic_Email_Templates
CommunityLockoutEmailTemplate,Unfiled_Public_Classic_Email_Templates
CommunityVerificationEmailTemplate,Unfiled_Public_Classic_Email_Templates
CommunityWelcomeEmailTemplate,Communities
Confirmation_of_Phone_Appointment_Status_CPFU_2015,Live_Different_PPS
Connect_With_Austin,Builds_Contest_Emails
Contest_Choices,Builds_Contest_Emails
Contest_Fundraising,Builds_Contest_Emails
Contest_Information,Drip_Campaigns
contest_Julia_Austin_Builds_Contest,Builds_Contest_Emails
contest_natalia_Builds_Contest,Builds_Contest_Emails
Contest_Parent_Email,Builds_Contest_Emails
Contest_Thanks_Interested,Builds_Contest_Emails
CONTRACT_FOR_LIVE_DIFFERENT_PRESENTATION,Dave_Hamilton's_Personal_Email_Templates
CONTRACT_FOR_LIVE_DIFFERENT_PRESENTATION4,Archived_School_Communications
CONTRACT_FOR_LIVE_DIFFERENT_PRESENTATION5,Mandy_Rousseau's_Personal_Email_Templates
Corey_Fundraiser_Donation_Alert,Donor_relation_Templates
covid_1a_missed_schools_1588259799360,Public_Email_Templates
covid_1b_past_3_years_contacts,School_Communications
covid_1b_prev_3_years_contacts_1588695255998,Public_Email_Templates
COVID_1st_Delivery_May18,Donor_relation_Templates
covid_2a_missed_schools_from_spring_2020_1589291356645,Public_Email_Templates
covid_2c_schools_that_had_us_1589294998007,Public_Email_Templates
Covid_Build_Lead_Response_1603139185139,Alison_Willis's_Private_Email_Templates
COVID_Relief_GOALMET,Donor_relation_Templates
Covid_Relief_GT_May5,Donor_relation_Templates
COVID_Sentinel,Donor_relation_Templates
CPasswordlessRegistrationEmailTemplate,Unfiled_Public_Classic_Email_Templates
CRA_church_list_email,Hero_Holiday_-_General_Email_Templates
Custom_Gala_Invite,Donor_relation_Templates
CYF_Ice_campaign,Donor_relation_Templates
CYF_Ice_campaign_gift,Donor_relation_Templates
Dave_Transition_to_MA_no_prev_contact_1634770448251,June_2020_Sales_Push
day2_email_builds_drip,Drip_Campaigns
Day3_Change_Builds_Drip,Drip_Campaigns
Day5_fundraising_Builds_Drip,Drip_Campaigns
day6_email_builds_drip,Drip_Campaigns
Day8_Excurssion_Builds_Drip,Drip_Campaigns
Deposit_Reminder_7_days,Communities
Designated_Payment_Thank_Youpo,Donor_relation_Templates
Designated_Payment_Trip_Update,Donor_relation_Templates
DeveloperName,FolderName
Donation_Alert,Workflow_Templates
Donation_Thank_You_Generic,Communities
Donor_Thank_You_Email_1st_donation,Workflow_Templates
DR_1_2_Interns_2013,Hero_Holiday_2013_-_Email_Templates
DR_1_2011_Post_update,Donor_relation_Templates
DR_1_Final_Email,Hero_Holiday_2013_-_Email_Templates
DR_1_Group_Flight_Details,Hero_Holiday_2013_-_Email_Templates
DR_1_Payment_Reminder1,Hero_Holiday_2013_-_Email_Templates
DR_2_2011_Donor_Appeal,Donor_relation_Templates
DR_2_Family_Profiles,Hero_Holiday_2013_-_Email_Templates
DR_2_Final_Email,Hero_Holiday_2013_-_Email_Templates
DR_2_Group_Flight_Details,Hero_Holiday_2013_-_Email_Templates
DR_2_Payment_Reminder,Hero_Holiday_2013_-_Email_Templates
DR_2_Reminder_Email,Hero_Holiday_2013_-_Email_Templates
DR_2013_Christmas_2_Week_Payment_Reminder,Hero_Holiday_2013_-_Email_Templates
DR_2013_Christmas_Family_Profiles,Hero_Holiday_2013_-_Email_Templates
DR_2013_Christmas_Final_Email,Hero_Holiday_2013_-_Email_Templates
DR_2013_Christmas_Oct_Update,Hero_Holiday_2013_-_Email_Templates
DR_2013_Christmas_September_Update,Hero_Holiday_2013_-_Email_Templates
DR_2013_Christmas_Thank_You,Hero_Holiday_2013_-_Email_Templates
DR_2013_Christmas_Travel_Insurance,Hero_Holiday_2013_-_Email_Templates
DR_2013_Introducing_the_Summer_Interns,Hero_Holiday_2013_-_Email_Templates
DR_2013_Thank_You,Hero_Holiday_2013_-_Email_Templates
DR_2014_Final_Email1,Hero_Holiday_2014_-_Email_Templates
DR_2014_Live_Different_and_World_Vision_Trip,Hero_Holiday_2014_-_Email_Templates
DR_2014_New_Year_s_Trip_Initial_Email,Hero_Holiday_2014_-_Email_Templates
DR_2014_Oceanside,Hero_Holiday_2014_-_Email_Templates
DR_2014_Summer_Internship_Acceptance_Email,Hero_Holiday_2014_-_Email_Templates
DR_2014_Week_1_Initial_Email,Hero_Holiday_2014_-_Email_Templates
DR_2014_Week_2_Initial_Email,Hero_Holiday_2014_-_Email_Templates
DR_2015_Final_Email,Hero_Holiday_2015_-_Email_Templates
DR_2015_New_Year_s_Initial_Email,Hero_Holiday_2015_-_Email_Templates
DR_2015_Summer_Intern_Acceptance_Email,Hero_Holiday_2015_-_Email_Templates
DR_2015_Summer_Public,Hero_Holiday_2015_-_Email_Templates
DR_2016_Family_Profiles,LDB_2016_-_Email_Templates
DR_2016_Final_Email,LDB_2016_-_Email_Templates
DR_2016_Intern_Acceptance_Email,LDB_2016_-_Email_Templates
DR_2016_Link_to_Photos,LDB_2016_-_Email_Templates
DR_2016_March_Break_Payment_Reminder_Email,LDB_2017_-_Nonactive_Emails
DR_2016_New_Year_s_Initial_Email,LDB_2016_-_Email_Templates
DR_2016_New_Year_s_Payment_Reminder_Email,LDB_2016_-_Email_Templates
DR_2016_One_Month_till_Payment_Deadline_Store_Flights,LDB_2016_-_Email_Templates
DR_2016_Summer_Public_Initial_Email,LDB_2016_-_Email_Templates
DR_2016_Summer_Public_Trip_s_Initial_Email,LDB_2017_-_Nonactive_Emails
DR_2016_Two_Week_Payment_Reminder_Store_Flights,LDB_2016_-_Email_Templates
DR_2017_March_Break_Check_Up_Email,LDB_2016_-_Email_Templates
DR_2017_March_Break_Date_Change,LDB_2016_-_Email_Templates
DR_2017_March_Break_Family_Profile,LDB_2017_-_Nonactive_Emails
DR_2017_March_Break_Final_Email,LDB_2017_-_Nonactive_Emails
DR_2017_March_Break_Initial_Email,LDB_2017_-_Nonactive_Emails
DR_2017_March_Break_Payment_Reminder_Email,LDB_2017_-_Nonactive_Emails
DR_2017_March_Break_Payment_Reminder_Email_2,LDB_2017_-_Nonactive_Emails
DR_2017_Staff_Flight,LDB_2017_-_Nonactive_Emails
DR_2017_Summer_Public_Deposit_Reminder,LDB_2017_-_Nonactive_Emails
DR_2017_Summer_Public_Extra_Nights,LDB_2017_-_Nonactive_Emails
DR_2017_Summer_Public_Family_Profile,LDB_2017_-_Nonactive_Emails
DR_2017_Summer_Public_FB_Group,LDB_2017_-_Nonactive_Emails
DR_2017_Summer_Public_Final_Email,LDB_2017_-_Nonactive_Emails
DR_2017_Summer_Public_Final_Email1,LDB_2017_-_Nonactive_Emails
DR_2017_Summer_Public_Payment_Reminder,LDB_2017_-_Nonactive_Emails
DR_2018_Spring_Public_Initial_Email,LDB_2017_-_Email_Templates
DR_2018_Summer_Public_Initial_Email,LDB_2017_-_Email_Templates
DR_Alumni_2016_Two_Week_Payment_Reminder_Store_Flights,LDB_2016_-_Email_Templates
DR_BP_trip_follow_up,Donor_relation_Templates
DR_Building_Dreams_Final_Email,Hero_Holiday_2013_-_Email_Templates
DR_HT_2016_Family_Profiles,LDB_2016_-_Email_Templates
DR_HT_Alumni_Build_non_alumni_info,Hero_Holiday_2015_-_Email_Templates
DR_Interns_2_week_payment_reminder,Hero_Holiday_2014_-_Email_Templates
DR_Interns_Creative_Workshop,Hero_Holiday_2013_-_Email_Templates
DR_med_2011_Donor_Appeal,Donor_relation_Templates
DR_med_2011_General_hurricane_appeal,Donor_relation_Templates
DR_MX_2016_Intern_Initial_Email,LDB_2016_-_Email_Templates
DR_MX_Summer_Interns_2014_Deadline_Reminder,Hero_Holiday_2014_-_Email_Templates
DR_MX_Summer_Interns_2014_Initial_Email,Hero_Holiday_2014_-_Email_Templates
DR_MX_Summer_Interns_2014_November_Update,Hero_Holiday_2014_-_Email_Templates
DR_MX_Summer_Interns_2014_Skype_Phone_Interviews,Hero_Holiday_2014_-_Email_Templates
DR_New_Year_s_2016_Family_Profile1,LDB_2016_-_Email_Templates
DR_New_Year_s_2016_Final_Email,LDB_2016_-_Email_Templates
DR_Public_1_2014_Reg_Deadline_One_Month_Until_Payment_Deadline,Hero_Holiday_2014_-_Email_Templates
DR_Summer_Interns_Thank_You,Hero_Holiday_2013_-_Email_Templates
DR_Summer_Internship_Final_Email,Hero_Holiday_2013_-_Email_Templates
DR_Summer_Internship_Orientation_Information,Hero_Holiday_2013_-_Email_Templates
DR_Thank_You,Hero_Holiday_2014_-_Email_Templates
Dropped_Reg_1_Day,Communities
Dropped_Reg_1_Day_html,Communities
Dropped_Reg_14_Day,Communities
Dropped_Reg_7_Day,Communities
Educator_Academy_Email_1_1694716462799,2023-2024_School_Automations
Educator_Academy_Email_2_1694716604175,2023-2024_School_Automations
Educator_Academy_Email_3_1694716780251,My_Private_Email_Templates
Educator_Builds_Drip_1_1694112077773,2023-2024_School_Automations
Educator_Builds_Email_2_1694535250793,2023-2024_School_Automations
Educator_Builds_Email_3_1694537605146,2023-2024_School_Automations
Educator_PMC_Builds_Drip_1_1694622805222,2023-2024_School_Automations
Educator_PMC_Builds_Drip_2_1694624472467,2023-2024_School_Automations
Educator_PMC_Builds_Drip_3_1694624655081,2023-2024_School_Automations
Educator_PMC_Builds_Drip_4_1694625443126,2023-2024_School_Automations
Educator_PMC_Email_1_1694628475201,2023-2024_School_Automations
Educator_PMC_Email_2_1694714378837,2023-2024_School_Automations
Educator_PMC_Email_3_1694714566497,2023-2024_School_Automations
Email_2_Reminder,School_Sales_Workflow_Emails
Email_2_Reminder_OLD,Archived_School_Communications
EmailSignature,Simple_Signature
ErieCountySchoolDistricts,Unfiled_Public_Classic_Email_Templates
ESignMutliContact,Simple_Signature
example_template,School_Sales_Workflow_Emails
Example_Template_1707838933147,2023-2024_School_Automations
Example_Template_email_2_1707839384892,2023-2024_School_Automations
ExperienceCloudSelfRegMicroBatchSubErrorEmailTemplate,Unfiled_Public_Classic_Email_Templates
Facebook_Invite_student,Communities
Fall_2014_Follow_Up,Archived_School_Communications
FALL_Circles_2nd_f_u_Promo_with_Trailer_LIST_EMAIL_1602689243634,June_2020_Sales_Push
FALL_Circles_First_Connection_with_Promo_Trailer_1600782242049,June_2020_Sales_Push
FALL_Circles_Mississauga_funding_mention_Promo_with_Trailer_1602774694232,Dave_Hamilton's_Private_Email_Templates
FALL_Circles_New_schools_Promo_with_Trailer_LIST_EMAIL_1603379044471,Dave_Hamilton's_Private_Email_Templates
FALL_Circles_Summer_f_u_short_1598450122410,June_2020_Sales_Push
FALL_Circles_Summer_f_u_with_Promo_1598447471213,June_2020_Sales_Push
FALL_Circles_Summer_f_u_with_Promo_Trailer_LIST_EMAIL_1601054067415,June_2020_Sales_Push
Feb_2017_Interest_Email,Old_Academy_Emails
FirstEmailBusinessCard,Vaden_Earle's_Personal_Email_Templates
Follow_up_email_Tricia_1637345250317,Tricia_O'Brien's_Private_Email_Templates
follow_up_HOH,Donor_relation_Templates
Forgot_Password_Communities2016,Communities
Forms_Needed,LDB_2017_-_Email_Templates
FTF_Editable_Video_Promo_June_2016,Archived_School_Communications
Funding_for_SCHOOL_NAME_to_have_Canada_s_top_presentation,Archived_School_Communications
fundraiser_calendar,Old_School_Communication_Templates
Fundraising_First_tip,Communities
Fundraising_Follow_tip,Communities
Fundraising_Interest_for_HH_Alumni_2012,Donor_relation_Templates
Fundraising_Personal_tip,Communities
Gala_Invite_2010,Donor_relation_Templates
Gala_Invite_2011,Donor_relation_Templates
Gala_Sponsorship_Email,Workflow_Templates
Gala_Sponsorship_Notification,Donor_relation_Templates
Gala2020_Intro_Email_1593599140276,Donor/Fundraising_Templates
GD_2012_General_ask,Unfiled_Public_Classic_Email_Templates
Gen_donor_email_Hampers_of_Hope,Donor_relation_Templates
General_Build_Promo_Lead_Response,Hero_Holiday_-_General_Email_Templates
General_Builds_Interest_Presentation_Leads_1575605505795,Erin_Smart's_Private_Email_Templates
General_Bulk_Email_AG_Signature_1661441157662,Austin_Gauthier's_Private_Email_Templates
General_Bulk_Email_AG_Signature_1661441158275,Austin_Gauthier's_Private_Email_Templates
General_Editable_Template_master,Archived_School_Communications
General_Monthly_Welcome,Communities
General_Presentations_Promo,Archived_School_Communications
General_Presentations_Promo_18_newyear,Old_School_Communication_Templates
General_Presentations_Promo_18FU,Old_School_Communication_Templates
General_Presentations_Promo_18FU2,Old_School_Communication_Templates
General_Presentations_Promo_19_20_Intro,School_Communications
General_Presentations_Promo_19_20_Intro_2ndFU,School_Communications
General_Presentations_Promo_19_20_Intro_FU,School_Communications
General_Presentations_Promo_19_20_Intro_prechristmas,School_Communications
General_Presentations_Promo_19_20_Intro_prechristmas2,School_Communications
General_Presentations_Promo_19_20_OpenDates,School_Communications
General_Presentations_Promo_19_20_OpenDates2,School_Communications
General_Presentations_Promo_19_20_OpenDates3,School_Communications
General_Presentations_Promo_19_20_OpenDates3MB,School_Communications
General_Presentations_Promo_19_20_OpenDates3MBfu,School_Communications
General_Presentations_PromoFU,Archived_School_Communications
General_Presentations_PromoTDSB,Archived_School_Communications
general_thanks_absolute,Donor_relation_Templates
GeneralShareable_20172018,Archived_School_Communications
Give_Different_2014,Donor_relation_Templates
GTA_May_Bookings_Primary_Email_1707845750475,2023-2024_School_Automations
GTA_May_Bookings_Primary_Email_2_1707847252460,2023-2024_School_Automations
GTA_May_Bookings_Primary_Email_3_1707847430434,2023-2024_School_Automations
haiti_Delivery,Unfiled_Public_Classic_Email_Templates
haiti_Delivery_mps,Unfiled_Public_Classic_Email_Templates
Haiti_Projects_Update,Hero_Holiday_2015_-_Email_Templates
Haiti_Survey_2018,LDB_2017_-_Email_Templates
Hamilton_Gala_Invite_General_2019,With_Love_Gala
Heather_Introduction,Love_Legacy
hey_1570651693217,Austin_Gauthier's_Private_Email_Templates
HH_2014_General_Inquiry,Hero_Holiday_2014_-_Email_Templates
HH_2014_New_Year_s_Trip_WestJet_Code,Hero_Holiday_2014_-_Email_Templates
HH_2014_WestJet_Code,Hero_Holiday_2014_-_Email_Templates
HH_2wkpriorparent,Workflow_Templates
HH_300_reminder_14_day,Hero_Holiday_-_General_Email_Templates
HH_Building_Donor_drive,Absolute_Staff's_Personal_Email_Templates
HH_Dropped_Reg_Lead_1_day,Hero_Holiday_-_General_Email_Templates
HH_Dropped_Reg_Lead_14_day,Hero_Holiday_-_General_Email_Templates
HH_engage_FA,Workflow_Templates
HH_info_signup_response,Hero_Holiday_-_General_Email_Templates
HH_parent_mid,Workflow_Templates
HH_Parent_Post_trip_com,Workflow_Templates
HH_Post_HH_Surveys_Private_FU,Workflow_Templates
HH_Signup_Form_Response,Workflow_Templates
HH_Signup_form_submission,Workflow_Templates
HH_Survey_FA,Workflow_Templates
HH_survey_triggered,Workflow_Templates
HH_Volunteer_Evaluation,Donor_relation_Templates
HH_Weekly_Registration_Update,Hero_Holiday_-_General_Email_Templates
HH_WF_3_day_post_trip_adult,Workflow_Templates
HH_WF_3_day_post_trip_student,Workflow_Templates
HH_WF_3_week_post_trip_Adult,Workflow_Templates
HH_WF_3_week_post_trip_Student,Workflow_Templates
HH_WF_Adult_Donor_trip_follow_up_request,Workflow_Templates
HH_WF_pre_trip_Adult,Workflow_Templates
HH_WF_pre_trip_Student,Workflow_Templates
HH_WF_Student_Donor_trip_follow_up_request,Workflow_Templates
HH06Report,Vaden_Earle's_Personal_Email_Templates
HHbulkfirstresponse,Vaden_Earle's_Personal_Email_Templates
HHGalaInvite,Vaden_Earle's_Personal_Email_Templates
HHNewsletter,Unfiled_Public_Classic_Email_Templates
HOH_donation_posted_2012,Workflow_Templates
Holiday_Fundraiser,LDB_2016_-_Email_Templates
Holiday_Fundraising,LD_Builds_2019
Home_for_the_Holidays,Hero_Holiday_-_General_Email_Templates
Host_Survey_Re_send,Workflow_Templates
House_Party_Thank_You,Donor_relation_Templates
HT_2013_3_Week_Payment_Reminder,Hero_Holiday_2013_-_Email_Templates
HT_2013_Final_Email,Hero_Holiday_2013_-_Email_Templates
HT_2014_Book_Your_Flights1,Hero_Holiday_2014_-_Email_Templates
HT_2014_Final_Email,Hero_Holiday_2014_-_Email_Templates
HT_2014_Initial_Email_Template,Hero_Holiday_2014_-_Email_Templates
HT_2014_November_Update,Hero_Holiday_2014_-_Email_Templates
HT_2014_One_Month_Payment_Reminder,Hero_Holiday_2014_-_Email_Templates
HT_2015_Final_Email,Hero_Holiday_2015_-_Email_Templates
HT_2015_Initial_Email,Hero_Holiday_2015_-_Email_Templates
HT_2016_Public_Initial_Email,LDB_2016_-_Email_Templates
HT_2017_Final_Email,LDB_2017_-_Nonactive_Emails
HT_2017_March_Break_Facebook_Group,LDB_2017_-_Nonactive_Emails
HT_2017_One_month_payment_reminder,LDB_2017_-_Nonactive_Emails
HT_2017_Public_Initial_Email,LDB_2017_-_Nonactive_Emails
HT_2017_Trip_Approved,LDB_2017_-_Nonactive_Emails
HT_DR_2016_Alumni_Build_Initial_Email,LDB_2016_-_Email_Templates
HT_DR_2016_Final_Email,LDB_2016_-_Email_Templates
HT_DR_Alumni_Trip_Initial_Email,Hero_Holiday_2015_-_Email_Templates
HT_TH_2014_Final_Payment_Reminder,Hero_Holiday_2014_-_Email_Templates
Iats_Customer_Code_Status_Change_Alert,Donor_relation_Templates
immediate_email_builds_drip,Drip_Campaigns
Impact,Impact_Templates
Impact20062007,Absolute_Staff's_Personal_Email_Templates
ImpactApplicationJune2006,Absolute_Staff's_Personal_Email_Templates
ImpactPersonalResponse,Impact_Templates
ImpactVolunteerOpportunity,Impact_Templates
Initial_Info_F_U_Email_Past_Contacts_1591972527676,Austin_Gauthier's_Private_Email_Templates
Instagram_Follow_Wrapup,Builds_Contest_Emails
Internship_Lead_Email_2017,Tour_Internship
Isaias_Ask,Donor_relation_Templates
Isaias_Follow_Up_Mel_1600111790791,Donor/Fundraising_Templates
Isaias_ThankYou,Donor_relation_Templates
Issue_Survey_2015_Spring,Archived_School_Communications
Issue_Survey_2015_Spring_consultants,Archived_School_Communications
Jan_2016_LD_consultants_survey,Archived_School_Communications
Joy_Academy_Lead_Creation,Workflow_Templates
Joy_Initial_HH_contact,Workflow_Templates
jrsl_ul_Unsubscribe_Contact_HTML_Template,Unsubscribe_Link
jrsl_ul_Unsubscribe_Contact_VF_Template,Unsubscribe_Link
jrsl_ul_Unsubscribe_Lead_HTML_Template,Unsubscribe_Link
jrsl_ul_Unsubscribe_Lead_VF_Template,Unsubscribe_Link
July_2018_road_team_recruitment_sent_from_JP_to_past_build_alumn_1531856292903,Public_Email_Templates
June_2009_Email_to_CSLC_DVD_list,Old_School_Communication_Templates
June_2014_Follow_up_to_Leads,Archived_School_Communications
June_2014_Follow_up_to_sneak_peak_theme_email,Archived_School_Communications
June_2014_Follow_up_to_Stay_In_Touch_with_promo,Archived_School_Communications
June_2014_school_resources_survey_to_Primary_Contacts,Archived_School_Communications
june_2015_Follow_up_to_Leads,Archived_School_Communications
June_2020_Sales_Blast_informal_JP_1592850166098,Jonathan_Peters's_Private_Email_Templates
June_2020_Sales_Push_Email_Template_JP_1591203193823,June_2020_Sales_Push
June_2020_Sales_Push_Follow_Up_2_JP_1591632509687,Public_Email_Templates
June_2020_Sales_Push_Follow_Up_JP_1591232337965,Public_Email_Templates
June_2020_Sales_Push_JP_1591203917773,Public_Email_Templates
June_2020_School_Email_1591208196763,Austin_Gauthier's_Private_Email_Templates
June2014_leads_promo,Archived_School_Communications
Just_checking_in_1591888936946,Austin_Gauthier's_Private_Email_Templates
Just_checking_in_No_email_with_contact_previously_1591889671453,Austin_Gauthier's_Private_Email_Templates
Keynote_Christal,Archived_School_Communications
keynote_Christal_oct2013_promo,Archived_School_Communications
Keynote_Contract_email,Workflow_Templates
Keynote_Invoice_Email,Workflow_Templates
Keynotes_spring_2015,Archived_School_Communications
Kitchen_Reno_Update_2020,Builds_Follow_Up_&_Donors
KLGOY_Youth_html,LD_Builds_2019
Last_Chance_follow_up_1718637310194,Johnny_Henderson's_Private_Email_Templates
Last_minute_Blast_2012_13,Archived_School_Communications
LastMinuteDonation,Old_School_Communication_Templates
Lastminuteschoolboardtemplate,Old_School_Communication_Templates
LATE_FALL_Circles_F_U_Promo_with_Trailer_LIST_EMAIL_1604333763846,Dave_Hamilton's_Private_Email_Templates
LD_announce_donor_dec2011,Donor_relation_Templates
LD_app_groups_1633546187618,Educator_Consultants
LD_app_groups_personal_preface_1633556516821,My_Private_Email_Templates
LD_Consulants_June_2014_Follow_up_resources_survey,Archived_School_Communications
LD_Consulants_Sept_2014_resources_link,Archived_School_Communications
LDA_2014_Booking_Your_Flights,Old_Academy_Emails
LDA_2015_Alumni_Contact,Old_Academy_Emails
LDA_2015_Final_Email,Old_Academy_Emails
LDA_2017_Follow_Up_Email,Live_Different_Academy
LDA_2017_Reference_Email_Sent,Live_Different_Academy
LDA_2017_Reference_Form,Live_Different_Academy
LDA_Acceptance_Email_2015,Old_Academy_Emails
LDA_Acceptance_Email_2016,Old_Academy_Emails
LDA_Acceptance_Email_2017,Live_Different_Academy
LDA_Acceptance_Email1,Old_Academy_Emails
LDA_Date_Change,Old_Academy_Emails
LDA_Email_Update,Old_Academy_Emails
LDA_Fall_2014_Secure_your_spot,Old_Academy_Emails
LDA_Final_Email,Hero_Holiday_2014_-_Email_Templates
lda_june2012_current,Unfiled_Public_Classic_Email_Templates
lda_june2012_past,Unfiled_Public_Classic_Email_Templates
LDB_alumni,Hero_Holiday_2015_-_Email_Templates
LDB_Intern_Template_Edit,LDB_2016_-_Email_Templates
LDB_Interns_Info_Email_for_2016,LDB_2016_-_Email_Templates
Lead_Drip_PMC_Email_1_1727196105270,2023-2024_School_Automations
Lead_Email_2017,Old_Academy_Emails
lead_response_parent,Hero_Holiday_-_General_Email_Templates
LeadsNewassignmentnotificationSAMPLE,Unfiled_Public_Classic_Email_Templates
LeadsWebtoLeademailresponseSAMPLE,Unfiled_Public_Classic_Email_Templates
Live_Different_Academy_Info,Old_Academy_Emails
Live_Different_Builds_Announcement,Hero_Holiday_2014_-_Email_Templates
Live_Different_Editable_Template,Archived_School_Communications
Live_Different_Editable_Template2,Dave_Hamilton's_Personal_Email_Templates
Live_Different_Editable_Template3,Cindy_Stover's_Personal_Email_Templates
Live_Different_Engagement_Card_Response,Unfiled_Public_Classic_Email_Templates
Live_Different_Template,Unfiled_Public_Classic_Email_Templates
Live_Different_Tour_Internship_Info,Unfiled_Public_Classic_Email_Templates
Live_Stream_Haiti_Jan_2017,Unfiled_Public_Classic_Email_Templates
LL_Haiti_riot_back2school,Love_Legacy
LL_Haiti_riot_Update_2019,Love_Legacy
LLgalainvite,Love_Legacy
Logged_Call_Email_1,School_Sales_Workflow_Emails
Logged_call_Email_1_1701276722124,My_Private_Email_Templates
Logged_Call_Email_2,School_Sales_Workflow_Emails
Logged_Call_Email_3,School_Sales_Workflow_Emails
Love_Legacy_2017_Holiday,Love_Legacy
Love_Legacy_2018_NMD,Love_Legacy
Love_Legacy_2018_Nov21_WLGupdate,Love_Legacy
Love_Legacy_2018_Oct17th,Love_Legacy
Love_Legacy_2018_V_Day,Love_Legacy
Love_Legacy_General,Ashley_Smart's_Personal_Email_Templates
Love_Legacy_General_html,Ashley_Smart's_Personal_Email_Templates
Love_Legacy_Haiti_Inst_Stories,Love_Legacy
Love_Legacy_Irma_Update,Love_Legacy
Love_Legacy_Update_01,Love_Legacy
Love_Legacy_Update_02,Love_Legacy
Love_Legacy_Update_kitchen,Love_Legacy
Love_Legacy_Update_Kitchen_Video,Love_Legacy
LoveLegacy_Monthly_Welcome,Communities
MA_Circles_Promo_NS_funding_1592400759020,June_2020_Sales_Push
MA_first_follow_up_from_Blast_1592235047911,June_2020_Sales_Push
MA_follow_up_Dave_s_transition_1634844159036,June_2020_Sales_Push
MA_general_referral_template_Circles_21_22_V2_1637866890565,Fall_2021_Circles_Communications
MA_general_referral_template_Nov_2021_v2_1638388068789,Fall_2021_Circles_Communications
MailingListResponse,Unfiled_Public_Classic_Email_Templates
Mar_2017_LD_consultants_survey,Archived_School_Communications
Mar_2017_presentation_survey_to_conacts,Archived_School_Communications
massemailusers,My_Personal_Email_Templates
Master_Circles_Promo_Email_V2_1592599002349,June_2020_Sales_Push
Master_Circles_Promo_Email2_1591727472710,My_Private_Email_Templates
May_20_09_Past_2_FY_email_campaign_TD,Old_School_Communication_Templates
May_2010_TD_Leads,Ashley_Smart's_Personal_Email_Templates
may_2012_gendonor_mp_campaign,Donor_relation_Templates
may_2012_OHBA_mp_campaign,Donor_relation_Templates
May_2024_Old_RTV_applications_1715202408471,Public_Email_Templates
May_Board_campaign_2012,Donor_relation_Templates
May_June_2014_Stay_In_Touch_request,Archived_School_Communications
May_Staff_campaign_2012,Donor_relation_Templates
May2014_hh_alumni_signup,Unfiled_Public_Classic_Email_Templates
May2015_contacts_promo,Archived_School_Communications
May2015_contacts_promo2,Archived_School_Communications
May2015_leads_promo,Live_Different_PPS
May2015_leads_promo_r2,Live_Different_PPS
May2015_leads_promox,Archived_School_Communications
MeetingFollowUp,Vaden_Earle's_Personal_Email_Templates
MIssing_Deposit_2wk_reminder,Communities
Missing_Information,LDB_2017_-_Email_Templates
Monthly_Partner_email_to_general_donor_list,Unfiled_Public_Classic_Email_Templates
Monthly_Partner_Newsletter,Donor_relation_Templates
MotivationalExperienceBulkEmail,Unfiled_Public_Classic_Email_Templates
MotivationalPresentationTextintro,Unfiled_Public_Classic_Email_Templates
MP_email_to_Ryan_s_campaign,Unfiled_Public_Classic_Email_Templates
MX_1_2011_Donor_Appeal,Donor_relation_Templates
MX_1_Booking_Flights_2013,Hero_Holiday_2013_-_Email_Templates
MX_1_Pre_Trip_Email,Hero_Holiday_2013_-_Email_Templates
MX_2_Booking_Flights_2013,Hero_Holiday_2013_-_Email_Templates
MX_2_Update_Email,Hero_Holiday_2013_-_Email_Templates
MX_2013_Christmas_2_Week_Payment_Reminder,Hero_Holiday_2013_-_Email_Templates
MX_2013_Christmas_Family_Profiles,Hero_Holiday_2013_-_Email_Templates
MX_2013_Christmas_Final_Email,Hero_Holiday_2013_-_Email_Templates
MX_2013_Christmas_Oct_Update,Hero_Holiday_2013_-_Email_Templates
MX_2013_Christmas_Packing_List,Hero_Holiday_2013_-_Email_Templates
MX_2013_Christmas_Sept_Update,Hero_Holiday_2013_-_Email_Templates
MX_2013_Christmas_Thank_You,Hero_Holiday_2013_-_Email_Templates
MX_2013_Christmas_Travel_Insurance,Hero_Holiday_2013_-_Email_Templates
MX_2013_Final_Payment_Reminder,Hero_Holiday_2013_-_Email_Templates
MX_2014_Final_Email,Hero_Holiday_2014_-_Email_Templates
MX_2014_New_Year_s_Trip_Initial_Email,Hero_Holiday_2014_-_Email_Templates
MX_2014_Summer_Internship_Acceptance_Email,Hero_Holiday_2014_-_Email_Templates
MX_2014_Week_1_Inital_Email,Hero_Holiday_2014_-_Email_Templates
MX_2014_Week_2_Inital_Email,Hero_Holiday_2014_-_Email_Templates
MX_2015_Final_Email,Hero_Holiday_2015_-_Email_Templates
MX_2015_New_Year_s_Initial_Email,Hero_Holiday_2015_-_Email_Templates
MX_2015_Summer_Intern_Acceptance_Email,Hero_Holiday_2015_-_Email_Templates
MX_2015_Summer_Public,Hero_Holiday_2015_-_Email_Templates
MX_2016_Family_Profile,LDB_2016_-_Email_Templates
MX_2016_Final_Email,LDB_2016_-_Email_Templates
MX_2016_Intern_Acceptance_Email,LDB_2016_-_Email_Templates
MX_2016_New_Year_s_Initial_Email,LDB_2016_-_Email_Templates
MX_2016_Summer_Public_Initial_Email,LDB_2016_-_Email_Templates
MX_2016_Summer_Public_Trip_s_Initial_Email,LDB_2017_-_Nonactive_Emails
MX_2016_Two_Week_Payment_Reminder_Store_Flights,LDB_2016_-_Email_Templates
MX_2017_New_Year_s_Initial_Email,LDB_2017_-_Email_Templates
MX_2017_Staff_Flight,LDB_2017_-_Nonactive_Emails
MX_2017_Summer_Internship_Final_Email,LDB_2017_-_Nonactive_Emails
MX_2017_Summer_Internship_s_Assignment_1,LDB_2017_-_Nonactive_Emails
MX_2017_Summer_Internship_s_Initial_Email,LDB_2017_-_Nonactive_Emails
MX_2017_Summer_Internship_s_Next_Steps_Email,LDB_2017_-_Nonactive_Emails
MX_2017_Summer_Leads_Staff_Flight,LDB_2017_-_Nonactive_Emails
MX_2017_Summer_Public_Deposit_Reminder,LDB_2017_-_Nonactive_Emails
MX_2017_Summer_Public_Final_and_Family_Profile,LDB_2017_-_Nonactive_Emails
MX_2017_Summer_Public_Payment_Reminder,LDB_2017_-_Nonactive_Emails
MX_2017_Summer_Public_Reminders,LDB_2017_-_Nonactive_Emails
MX_2017_Week_in_the_Life_Initial_Email,LDB_2017_-_Nonactive_Emails
MX_2018_Summer_Public_Initial_Email,LDB_2017_-_Email_Templates
MX_New_Year_s_2016_Family_Profile,LDB_2016_-_Email_Templates
MX_New_Year_s_2016_Final_Email,LDB_2016_-_Email_Templates
MX_New_Year_s_2016_Weather_Update,LDB_2016_-_Email_Templates
MX_Summer_Interns_Thank_You,Hero_Holiday_2013_-_Email_Templates
MX_Thank_You,Hero_Holiday_2014_-_Email_Templates
New_Application_academy,Live_Different_Academy
New_Application_Generic_Build,Communities
New_Application_WITL,Communities
New_Build_Public_notification,Workflow_Templates
New_Flight_Alert_staff,Workflow_Templates
New_Incoming_SMS_Alert,Workflow_Templates
New_merch_2019_Xmas,Merch_2019_Announcement
New_Private_Trip_Lead_Alert,Workflow_Templates
New_Project_Alert,Workflow_Templates
New_Project_Alert_Non_House,Workflow_Templates
New_Registration_alert,Workflow_Templates
New_Registration_Event_Organizer_Alert,Workflow_Templates
New_Registration_Vol_conf,Communities
New_User,Communities
New_User_Info_Missing_1,Communities
New_User_Info_Missing_1_contact,Communities
New_User_Info_Missing_3,Communities
New_User_info_missing_html,Communities
NewYear_General_FU_Presentations_Promo,Archived_School_Communications
NewYear_General_Presentations_Promo,Archived_School_Communications
NewYearTDSB_FUGeneral_Presentations_Promo,Archived_School_Communications
NewYearTDSB_General_Presentations_Promo,Archived_School_Communications
nn_1570652774681,Austin_Gauthier's_Private_Email_Templates
NPSP_Opportunity_Acknowledgment,NPSP_Email_Templates
NS_follow_up_and_funding_1592328904281,June_2020_Sales_Push
Oak_Bay_Donations,Donor_relation_Templates
Oak_Bay_VideoReveal,Donor_relation_Templates
OLD_APPS_Follow_Up_RoadTeams_1715201868265,Johnny_Henderson's_Private_Email_Templates
Opportunity_Celebration,Workflow_Templates
OpportuntitywithInvoiceLost,Unfiled_Public_Classic_Email_Templates
Other_Donation_Notification,Donor_relation_Templates
OYS_Pres_Test_1586467708659,Austin_Gauthier's_Private_Email_Templates
PartnerChangePwdEmail,Unfiled_Public_Classic_Email_Templates
PartnerNewUserEmail,Unfiled_Public_Classic_Email_Templates
past_HHpar_hamper_of_hope_email,Donor_relation_Templates
Payment_Alert,Workflow_Templates
Payment_Notification,Hero_Holiday_-_General_Email_Templates
Payment_Notification_VF,Donor_relation_Templates
PD_Day_Offer_personal_Circles_20_21_1607619715879,June_2020_Sales_Push
PD_Day_Offer_personal_F_U_Circles_20_21_1608561319273,Dave_Hamilton's_Private_Email_Templates
PD_Day_offer_Promo_with_Trailer_LIST_EMAIL_1607613274961,June_2020_Sales_Push
Penticton_Donations,Donor_relation_Templates
Photo_Book_Offer,Love_Legacy
PMC_announcement_1727299838715,24-25_School_Comms
PMC_announcement_2_1727296865837,24-25_School_Comms
PMC_announcement_email_2_w_testimonials_1731000509281,24-25_School_Comms
PMC_catch_up_pre_automation_checkin_1706214274975,2023-2024_School_Automations
PMC_Drip_Email_1,School_Sales_Workflow_Emails
PMC_Drip_Email_2,Workflow_Templates
PMC_Drip_Email_3,Workflow_Templates
PMC_Drip_Email_4,Workflow_Templates
Portal_Public_Launch,Communities
Post_Presentation_2018_parent,School_Communications
POST_PRESENTATION_SURVEY_with_Impact_assessment,Workflow_Templates
Post_Show_Comments,Workflow_Templates
Post_Show_Feedback,Workflow_Templates
Post_Show_Report_Notification,Workflow_Templates
Post_Transition_Activity_Survey,Archived_School_Communications
PPS_Client_Phone_Follow_UP_Notification,Workflow_Templates
PPS_Client_Phone_Follow_UP_Notification_contacts,Workflow_Templates
Pre_Christmas_Circles_Promo_with_Trailer_LIST_EMAIL_1606411781031,Dave_Hamilton's_Private_Email_Templates
PRE_EVENT_SURVEY_RESOURCE_FOLDER,Archived_School_Communications
PRE_EVENT_SURVEY_RESOURCE_FOLDER_HTML,Archived_School_Communications
Pre_PRES_Email_Template5,School_Communications
Pre_Presentation_2018_Teacher,School_Communications
PRE_SHOW_AUTOFILL_TEMPLATE,Archived_School_Communications
PRE_SHOW_AUTOFILL_TEMPLATE_Mandy,Archived_School_Communications
PRE_SHOW_EDITABLE_TEMPLATE,Dave_Hamilton's_Personal_Email_Templates
PRE_SHOW_EDITABLE_TEMPLATE1,Mandy_Rousseau's_Personal_Email_Templates
Pre_Trip_Thailand_2013,Hero_Holiday_2013_-_Email_Templates
Pres_Invoice_Email_attach,Workflow_Templates
Presentation_Invoice_Attch,Workflow_Templates
Presentation_Invoice_OVERDUE,Workflow_Templates
Presentation_Invoice_POSTGRID_SNAIL_MAIL,Workflow_Templates
Presentations_time_changed,Workflow_Templates
PreShowCourtesyEmail,Old_School_Communication_Templates
pricing_feedback_to_consultants_June_2015,Archived_School_Communications
pricing_feedback_to_recent_bookings_June_2015,Archived_School_Communications
Private_Trip_General_Inquiry_Info,Hero_Holiday_-_General_Email_Templates
Private_Trip_info_for_schools,Hero_Holiday_-_General_Email_Templates
ProductsUpdated,Unfiled_Public_Classic_Email_Templates
Program_Information,LDB_2017_-_Email_Templates
Program_Interest_Email_Notification,Workflow_Templates
programs_promo2014,Unfiled_Public_Classic_Email_Templates
project_alert_operational,Workflow_Templates
Quebec_Contest_OOps_1554701209443,Ashley_Smart's_Private_Email_Templates
Receivables_1677168873679,Derek_Boyce's_Private_Email_Templates
Reconnecting_Newer_contacts_LD_1637695001688,Fall_2021_Circles_Communications
Reconnecting_Older_contacts_Absolute_1637691890988,Fall_2021_Circles_Communications
Reconnecting_Older_contacts_LD_1637694801948,Fall_2021_Circles_Communications
Recurring_donation_notification,Donor_relation_Templates
Referal_alert,Unfiled_Public_Classic_Email_Templates
referal_email_think_day,Old_School_Communication_Templates
Reference_alert_email_to_JP,Workflow_Templates
Reference_Letter_Request,Workflow_Templates
Reference_Letter_Request_keynote,Workflow_Templates
ReferenceRequest,Old_School_Communication_Templates
Registration_Closed_Lost,Workflow_Templates
Registration_Confirmation,Communities
registration_phone_call_notification,Hero_Holiday_-_General_Email_Templates
Resource_Advocate_Template,Archived_School_Communications
RESOURCE_ADVOCATE_TEMPLATE1,Dave_Hamilton's_Personal_Email_Templates
Returned_Transaction,Communities
Rule_alert,Workflow_Templates
Rule_alert2,Workflow_Templates
RyanTextIntro,Old_School_Communication_Templates
SASLCexec,Old_School_Communication_Templates
Save_The_Date_LLG,Donor_relation_Templates
School_Invoice,Workflow_Templates
School_Invoice_tdsb,Workflow_Templates
School_Presentation_Amount_0,Workflow_Templates
school_resource_survey,Archived_School_Communications
school_resource_survey1,Mandy_Rousseau's_Personal_Email_Templates
SCHOOL_TRIP_ADVOCATE_TEMPLATE,Dave_Hamilton's_Personal_Email_Templates
SCHOOL_TRIP_ADVOCATE_TEMPLATE1,Archived_School_Communications
SchoolofLeadershipPromoEmail20072008,Impact_Templates
Send_Information_No_Contact_Left_VM_Status_SINC_Left_VM_sask,Live_Different_PPS
Send_Information_Status_Send_Info_2015,Live_Different_PPS
Sept_2011_current_accounts_mandy_email,Old_School_Communication_Templates
Sept_2012_theme_intro_follow_up,Archived_School_Communications
Sept_2012_theme_intro_OA,Archived_School_Communications
Sept_2015_feedback_from_resources_activities,Archived_School_Communications
Sept_2015_follow_up,Archived_School_Communications
Sept_2015_survey_reminder,Archived_School_Communications
Sept2015_contacts_promo2,Mandy_Rousseau's_Personal_Email_Templates
Sept2015_contacts_promo2,Archived_School_Communications
Sept2015_leads_promo,Mandy_Rousseau's_Personal_Email_Templates
Sept2015_leads_promo,Archived_School_Communications
seth_testing,Workflow_Templates
Signature_1573573100788,Alison_Willis's_Private_Email_Templates
SignatureRequest,Simple_Signature
SignatureReturn,Simple_Signature
Signed_Form,Simple_Signature
SOLItinerary0809,Impact_Templates
Southern_Ontario_Date_filler,Dave_Hamilton's_Personal_Email_Templates
SP_Email_1A,School_Sales_Workflow_Emails
SP_Email_1A,Mandy_Rousseau's_Personal_Email_Templates
SP_Email_1Acopy,School_Sales_Workflow_Emails
SP_Email_1B,School_Sales_Workflow_Emails
SP_Email_1Bold,Archived_School_Communications
SP_Email_1C,School_Sales_Workflow_Emails
SP_Email_1C_oldcopy,Archived_School_Communications
SP_Email_2_Reminder_AFTER_CHRISTMAS,School_Sales_Workflow_Emails
SP_email_3_Final_contact,School_Sales_Workflow_Emails
SP_email_3_Final_contact_OLD,Archived_School_Communications
SP_email_3_Final_contact_RESUMED,School_Sales_Workflow_Emails
Spotify_DR_Alumni,Donor_relation_Templates
Spotify_MX_Alumni,Donor_relation_Templates
Spring_2013_follow_up,Archived_School_Communications
Spring_2014_Live_Different_Motivational_Presentation,Archived_School_Communications
Spring_2014_Live_Different_Motivational_Presentation1,Archived_School_Communications
SPRING_2015_BLAST_January,Archived_School_Communications
Spring_assemblies_Promo_1618346901016,Peter_Gibson's_Private_Email_Templates
Spring_assemblies_promo_ON_1618347103693,Peter_Gibson's_Private_Email_Templates
Staff_Reg_missing_info_alert,Communities
Staff_Reg_missing_info_alert2,Communities
Staff_Registration_Alert,Communities
Staff_Registration_AlertV,Communities
StaffFriendsandFamilySOLInterest,Impact_Templates
Student_Academy_Email_1_1695159280033,2023-2024_School_Automations
Student_Academy_Email_2_1695159339117,2023-2024_School_Automations
Student_Academy_Email_3_1695159464386,2023-2024_School_Automations
Student_Builds_Academy_Email_1_1695239983357,2023-2024_School_Automations
Student_Builds_Academy_Email_2_1695240763154,2023-2024_School_Automations
Student_Builds_Academy_Email_3_1695240861378,2023-2024_School_Automations
Student_Builds_Academy_Email_4_1695240979773,2023-2024_School_Automations
Student_Builds_Email_1_1695157993312,2023-2024_School_Automations
Student_Builds_Email_2_1695158352157,2023-2024_School_Automations
Student_Builds_Email_3_1695158806772,2023-2024_School_Automations
SUMMER_Circles_NEW_schools_Finding_Best_Contact_with_Promo_1596634897502,June_2020_Sales_Push
Summer_Intern_2015_Initial_Email,Hero_Holiday_2015_-_Email_Templates
Summer_Intern_Assignments,Hero_Holiday_2015_-_Email_Templates
Summer_Internship_and_Academy_2014,Hero_Holiday_-_General_Email_Templates
SUPPORTCaseescalationnotificationSAMPLE,Unfiled_Public_Classic_Email_Templates
SUPPORTCaseResponsewithSolutionSAMPLE,Unfiled_Public_Classic_Email_Templates
SUPPORTNewassignmentnotificationSAMPLE,Unfiled_Public_Classic_Email_Templates
SUPPORTSelfServiceNewCommentNotificationSAMPLE,Unfiled_Public_Classic_Email_Templates
SUPPORTSelfServiceNewUserLoginInformationSAMPLE,Unfiled_Public_Classic_Email_Templates
SUPPORTSelfServiceResetPasswordSAMPLE,Unfiled_Public_Classic_Email_Templates
SUPPORTWebtoCaseemailresponseSAMPLE,Unfiled_Public_Classic_Email_Templates
Survey_Email,Old_School_Communication_Templates
Survey_Email_10days,School_Communications
Survey_Email_2days,Archived_School_Communications
Survey_Email_2days_Keynote,Workflow_Templates
Survey_Email_2days_Keynotejh,Workflow_Templates
Survey_Email_2days_Keynotepm,Workflow_Templates
Survey_Email_catchup,Old_School_Communication_Templates
Survey_notify,Workflow_Templates
survey_sent_to_Ice_Road_tour_builds_sign_ups,Indigenous_Specific_Communications
Tax_Receipt_Email,Workflow_Templates
Tax_Receipt_Print,Workflow_Templates
Tax_Receipt_Printed_Alert,Workflow_Templates
TDSB_General_Presentations_Promo_19_20_Intro,School_Communications
TDSB_General_Presentations_Promo_19_20_Intro_2ndFU,School_Communications
TDSB_General_Presentations_Promo_19_20_Intro_FU,School_Communications
TDSB_General_Presentations_Promo_19_20_Intro_prechristmas,School_Communications
TDSB_General_Presentations_Promo_19_20_Intro_prechristmas2,School_Communications
TDSBGeneral_Presentations_Promo_18,Old_School_Communication_Templates
TDSBGeneral_Presentations_Promo_182ndFU,Old_School_Communication_Templates
TDSBGeneral_Presentations_Promo_18FU,Old_School_Communication_Templates
Teacher_Training,Love_Legacy
Team_2_Intro_email,Archived_School_Communications
Team_Billet_Survey,Workflow_Templates
Team_Billet_Survey_html,Workflow_Templates
Team_Buy_Template,Workflow_Templates
TehillahGirl,Absolute_Staff's_Personal_Email_Templates
Terst_Erin_1575603728804,Ashley_Smart's_Private_Email_Templates
Test,Ashley_Smart's_Personal_Email_Templates
test,Archived_School_Communications
test_1701274230654,My_Private_Email_Templates
test_1727127476646,24-25_School_Comms
TEst_Ashley_Circles_promo_1591648919904,My_Private_Email_Templates
Test_email_1697050305405,2023-2024_School_Automations
test_show_response_email,Workflow_Templates
Text_based_Follow_Up_2015,Archived_School_Communications
TH,Hero_Holiday_2013_-_Email_Templates
TH_2014_Book_Your_Flights,Hero_Holiday_2014_-_Email_Templates
TH_2014_Final_Email,Hero_Holiday_2014_-_Email_Templates
TH_2014_Initial_Email,Hero_Holiday_2014_-_Email_Templates
TH_2014_One_Month_Payment_Reminder,Hero_Holiday_2014_-_Email_Templates
TH_2014_One_Week_Payment_Reminder,Hero_Holiday_2014_-_Email_Templates
TH_2014_Project_Email,Hero_Holiday_2014_-_Email_Templates
Thailand_Covid_Build_Lead_Response_1603140937318,Alison_Willis's_Private_Email_Templates
Thanks_for_being_a_billet,Donor_relation_Templates
Thanks_for_Donation,Donor_relation_Templates
Thanks_for_Hamper_Donation_2011,Donor_relation_Templates
Thanxletsbookagain,Old_School_Communication_Templates
Theme_feedback_2015,Archived_School_Communications
theme_feedback_to_consultants_April_2015,Archived_School_Communications
ThinkDayComingtoyourareaEmailtocontacts,Unfiled_Public_Classic_Email_Templates
Tour_Intern_Recruitment,Unfiled_Public_Classic_Email_Templates
Trades_Centre_Email_FU_info,Donor_relation_Templates
Trades_Centre_Email_FU_info_after_VM,Donor_relation_Templates
Trades_Centre_Fundraiser,Donor_relation_Templates
Trades_Centre_Fundraiser_02,Donor_relation_Templates
Trades_Centre_Update,Communities
Trades_Centre_Update_1,Builds_Follow_Up_&_Donors
Transaction_alert,Workflow_Templates
Transaction_alert_No_Item_5,Workflow_Templates
Transaction_Confirmation,Communities
Travel_Insurance_Needed,LDB_2017_-_Email_Templates
Trips_2015_One_Month_Until_Payment_Deadline_Store,Hero_Holiday_2015_-_Email_Templates
VadensIntroEmail,Old_School_Communication_Templates
vetest,Old_School_Communication_Templates
Volunteer_Letter,Workflow_Templates
Weekly_Updates_VFx,Hero_Holiday_-_General_Email_Templates
Welcome_Email_Communities2016,Communities
Welcome_Package_Email,Hero_Holiday_-_General_Email_Templates
Winner_2018,Builds_Contest_Emails
Winter_2014_Jan7th_promo,Archived_School_Communications
With_Love_2018_Alison,Donor_relation_Templates
With_Love_2018_genalum,Donor_relation_Templates
With_Love_2018_genmon,Donor_relation_Templates
With_Love_2018_haitialum,Donor_relation_Templates
With_Love_2018_LL_Monthly,Donor_relation_Templates
With_Love_2018_LL_one,Donor_relation_Templates
With_Love_Gala_2024_WPG_1_Dietary_restrictions_1727192635950,With_Love_Gala
With_Love_Gala_2024_WPG_2_Reminder_for_Dietary_restrictions_1727380517938,With_Love_Gala
With_Love_Gala_2024_WPG_3_Final_details_1727878953267,With_Love_Gala
WV_trip_not_yet_confirmed_notice,Hero_Holiday_-_General_Email_Templates
WV_trip_scholarship_notice,Hero_Holiday_-_General_Email_Templates
X08_09_TD_accounts_curriculum_email,Old_School_Communication_Templates
X1_Donation_Commitment_After_Survey,Donor_relation_Templates
X13_14_Lead_First_Contact_HTML1,Archived_School_Communications
X13_14_Lead_First_Contact_HTML2,Archived_School_Communications
X2011_2012_First_Contact_Email_Template,Archived_School_Communications
X2011_yrend_campaign,Donor_relation_Templates
X2012_Hamper_e_card,Workflow_Templates
X2012_hampers,Donor_relation_Templates
X2012_year_end,Donor_relation_Templates
X2012GD_not_too_late,Donor_relation_Templates
X2012HH_Alumni_Xmascampaign,Hero_Holiday_-_General_Email_Templates
X2013_14_Acct_Text_follow_up,Archived_School_Communications
X2013_14_Aug_accts_promo,Archived_School_Communications
X2013_14_Aug_leads_promo,Archived_School_Communications
X2013_14_August_follow_up_clone,Archived_School_Communications
X2013_14_August_follow_up_E_ONT,Archived_School_Communications
X2013_14_August_follow_up_S_ONT,Archived_School_Communications
X2013_14_Keynote_christal_promo,Archived_School_Communications
X2013_14_Last_minute_Blast,Archived_School_Communications
X2013_14_LD_Intro_pres_promo_accounts,Archived_School_Communications
X2013_14_LD_Intro_pres_promo_Leads,Archived_School_Communications
X2013_14_Lead_Text_follow_up,Archived_School_Communications
X2013_2014_Lead_or_First_Contact_Email_Template1,Archived_School_Communications
X2013_tax_receipt_email,Donor_relation_Templates
X2013_tax_receipt_email_accounts,Donor_relation_Templates
X2014_2015_Sneak_Show_Preview_accounts,Archived_School_Communications
X2014_2015_Theme_Survey_for_Educators,Archived_School_Communications
X2014_2015_Theme_Survey_for_Educators2,Archived_School_Communications
X2015_16_editable_intro_Manitobapromo,Archived_School_Communications
X2015_16_editable_intro_ManitobapromoMiddleSchools,Archived_School_Communications
X2015_16_editable_intro_Ontariopromo,Archived_School_Communications
X2015_16_editable_intro_OntariopromoMiddleSchools,Archived_School_Communications
X2015_16_editable_intro_promo,Archived_School_Communications
X2015_16_editable_intro_promo,Mandy_Rousseau's_Personal_Email_Templates
X2015_16_editable_intro_SASKbapromo,Archived_School_Communications
X2015_16_happy_new_year_blast_promo,Archived_School_Communications
X2015_16_prechristmas_intro_promo,Archived_School_Communications
X2015_CanadaHelps_email,Hero_Holiday_-_General_Email_Templates
X2016_17_Fix_The_Focus_video_editable,Archived_School_Communications
X2016_2017_2nd_FU_Editable_PromoTDSB,Archived_School_Communications
X2016_2017_Christmas_Editable_Promo,Archived_School_Communications
X2016_2017_ChristmasFU_Editable_Promo,Archived_School_Communications
X2016_2017_Dates_Editable_Promo,Archived_School_Communications
X2016_2017_Editable_Promo,Archived_School_Communications
X2016_2017_Editable_Promo_Fu,Archived_School_Communications
X2016_2017_Editable_Promo_Fu2,Archived_School_Communications
X2016_2017_Editable_PromoTDSB,Archived_School_Communications
X2016_2017_Fix_The_Focus_Follow_Up,Archived_School_Communications
X2016_2017_Fix_The_Focus_SP_cold_promo1,Archived_School_Communications
X2016_2017_Fix_The_Focus_SP_cold_promo1_FU,Archived_School_Communications
X2016_2017_FTF_Sales_Process_Hard_Ask,Archived_School_Communications
X2016_2017_FU_Editable_PromoTDSB,Archived_School_Communications
X2016_2017_WPGEditable_PromoTDSB,Archived_School_Communications
X2016_One_Month_till_Payment_Deadline_Store_Flights,LDB_2016_-_Email_Templates
X2017_18_Love_Legacy_video_editable,Archived_School_Communications
X2017_2018_Love_Legacy_Editable_midsummer,Archived_School_Communications
X2017_2018_Love_Legacy_Editable_Promo,Archived_School_Communications
X2017_2018_Love_Legacy_Editable_Promo_SchoolBoard,Archived_School_Communications
X2017_2018_Love_Legacy_Editable_Promo2FALL,Archived_School_Communications
X2017_2018_Love_Legacy_Editable_Promo2nd,Archived_School_Communications
X2017_2018_Love_Legacy_Editable_Promo2ndfu,Archived_School_Communications
X2017_2018_Love_Legacy_Editable_Promo2ndTDSB,Archived_School_Communications
X2017_2018_Love_Legacy_Editable_PromoFALL,Archived_School_Communications
X2017_2018_Love_Legacy_Editable_summersendoff,Archived_School_Communications
X2019_FB_Intern_Leads_Follow_up_1648569485557,Johnny_Henderson's_Private_Email_Templates
X2021_Lead_Response_1613489193767,Alison_Willis's_Private_Email_Templates
X2nd_email_FUNDALUMNI,Hero_Holiday_-_General_Email_Templates
X3_followup_fundAlumni_Christal,Hero_Holiday_-_General_Email_Templates
X3_wk_alert_ashleyalert,Workflow_Templates
X3_wk_alert_No_deposit_owner,Workflow_Templates
X4moresleeps,Builds_Contest_Emails
Xmas_2024_Email_1_1733152822922,Fundraising_Campaigns
Xmas_2024_Email_2_1733242232882,Fundraising_Campaigns
Xmas_2024_Email_2a_1733332614924,Fundraising_Campaigns
Year_end_2014_Email,Donor_relation_Templates
Year_End_Checklist,Archived_School_Communications
Youth_Scholarship_Fund_Feature_1731519905673,Fundraising_Campaigns
Zika_Email,Hero_Holiday_-_General_Email_Templates